CREATE TABLE IF NOT EXISTS "questions" (
	"questionid"  SERIAL PRIMARY KEY,
	"name"	TEXT NOT NULL,
	"subname"	TEXT,
	"link"	TEXT
);
CREATE TABLE IF NOT EXISTS "answers" (
	"objectid"	INTEGER NOT NULL,
	"questionid"	INTEGER NOT NULL,
	"yes"	INTEGER NOT NULL,
	"no"	INTEGER NOT NULL,
	"skip"	INTEGER NOT NULL,
	"calc_y3lmin1"	REAL NOT NULL,
	"calc_n3lmin1"	REAL NOT NULL,
	"calc_s3lmin1"	REAL NOT NULL,
	"calc_y3lll"	REAL NOT NULL,
	"calc_n3lll"	REAL NOT NULL,
	"calc_s3lll"	REAL NOT NULL,
	"calc_y3ll"	REAL NOT NULL,
	"calc_n3ll"	REAL NOT NULL,
	"calc_s3ll"	REAL NOT NULL,
	PRIMARY KEY("objectid","questionid")
);
CREATE TABLE IF NOT EXISTS "objects" (
	"objectid" SERIAL PRIMARY KEY ,
	"name"	TEXT NOT NULL,
	"subname"	TEXT,
	"hits"	INTEGER NOT NULL DEFAULT 0,
	"visible"	INTEGER NOT NULL DEFAULT 0,
	"calc_logl"	REAL NOT NULL
);
CREATE TABLE IF NOT EXISTS "logs" (
	"id" SERIAL PRIMARY KEY,
	"host"	TEXT NOT NULL,
	"datetime"	TEXT NOT NULL DEFAULT CURRENT_TIMESTAMP,
	"objectid"	INTEGER NOT NULL,
	"answers"	TEXT NOT NULL
);
INSERT INTO "questions" VALUES (1,'Kifejlett egyedei 200kg-ot meghaladó testömegűek','',NULL);
INSERT INTO "questions" VALUES (3,'Dekoratív','',NULL);
INSERT INTO "questions" VALUES (6,'Fémes színű','',NULL);
INSERT INTO "questions" VALUES (8,'Barázdált, vagy rovátkált','',NULL);
INSERT INTO "questions" VALUES (9,'Meg lehet inni a tejét','',NULL);
INSERT INTO "questions" VALUES (10,'Képes mozogni','',NULL);
INSERT INTO "questions" VALUES (15,'Tanyákon meg lehet találni','',NULL);
INSERT INTO "questions" VALUES (17,'Sok megjelenési változata van','',NULL);
INSERT INTO "questions" VALUES (18,'Össze tud gömbölyödni','',NULL);
INSERT INTO "questions" VALUES (19,'Csúszós','',NULL);
INSERT INTO "questions" VALUES (20,'Nagyobb mint egy nyomtatópaíros doboz','',NULL);
INSERT INTO "questions" VALUES (21,'Hosszú csápja van','',NULL);
INSERT INTO "questions" VALUES (24,'Körülbelül akkora mint egy zsemle','',NULL);
INSERT INTO "questions" VALUES (25,'Színes','',NULL);
INSERT INTO "questions" VALUES (26,'Lakásokban él','',NULL);
INSERT INTO "questions" VALUES (27,'Egyszínű','',NULL);
INSERT INTO "questions" VALUES (28,'Alapvetően pirosas','',NULL);
INSERT INTO "questions" VALUES (29,'Nagyobb mint egy teavaj','',NULL);
INSERT INTO "questions" VALUES (30,'Könnyen összetéveszthető egészen más állatokkal','',NULL);
INSERT INTO "questions" VALUES (35,'Kerekded','',NULL);
INSERT INTO "questions" VALUES (40,'Barnás színű','',NULL);
INSERT INTO "questions" VALUES (41,'Zümmög','',NULL);
INSERT INTO "questions" VALUES (42,'Meg tud szúrni','',NULL);
INSERT INTO "questions" VALUES (47,'Zöldes színű','',NULL);
INSERT INTO "questions" VALUES (48,'Rövid életű','',NULL);
INSERT INTO "questions" VALUES (49,'Hosszú életű','',NULL);
INSERT INTO "questions" VALUES (50,'Hosszú fejlődésű','',NULL);
INSERT INTO "questions" VALUES (51,'Kevés utódja van','',NULL);
INSERT INTO "questions" VALUES (52,'Gondoskodik az utódairól','',NULL);
INSERT INTO "questions" VALUES (53,'Kétszülős utódgondozású','',NULL);
INSERT INTO "questions" VALUES (60,'Elektromosságot tud termelni','',NULL);
INSERT INTO "questions" VALUES (63,'Föld felett él','',NULL);
INSERT INTO "questions" VALUES (70,'Tojásokat tojik','',NULL);
INSERT INTO "questions" VALUES (71,'Fákon él','',NULL);
INSERT INTO "questions" VALUES (72,'Tud mászni','',NULL);
INSERT INTO "questions" VALUES (73,'Héja van','',NULL);
INSERT INTO "questions" VALUES (74,'Tudja változtatni a színét','',NULL);
INSERT INTO "questions" VALUES (75,'Idegesítő tud lenni','',NULL);
INSERT INTO "questions" VALUES (77,'Van szárnya','',NULL);
INSERT INTO "questions" VALUES (81,'Belefér egy borítékba','',NULL);
INSERT INTO "questions" VALUES (86,'Növényekben fejlődik','',NULL);
INSERT INTO "questions" VALUES (87,'Hiperparazita','',NULL);
INSERT INTO "questions" VALUES (94,'Lehet vele játszani','',NULL);
INSERT INTO "questions" VALUES (99,'Vérben élősködik','',NULL);
INSERT INTO "questions" VALUES (100,'Belekben élősködik','',NULL);
INSERT INTO "questions" VALUES (116,'Hosszú farka van','',NULL);
INSERT INTO "questions" VALUES (118,'Füves élőhelyeken él','',NULL);
INSERT INTO "questions" VALUES (119,'Szinte bármit megeszik','',NULL);
INSERT INTO "questions" VALUES (120,'Kicsike','mint egy gyufafej',NULL);
INSERT INTO "questions" VALUES (121,'Vízi állat','',NULL);
INSERT INTO "questions" VALUES (122,'Egy apró emlős','',NULL);
INSERT INTO "questions" VALUES (124,'Tud úszni a vízen','',NULL);
INSERT INTO "questions" VALUES (137,'Van gerince','',NULL);
INSERT INTO "questions" VALUES (139,'Magyarországon védett','',NULL);
INSERT INTO "questions" VALUES (140,'Kihalás fenyegeti','',NULL);
INSERT INTO "questions" VALUES (142,'Virágokon él','',NULL);
INSERT INTO "questions" VALUES (143,'Virágokkal táplálkozik','',NULL);
INSERT INTO "questions" VALUES (144,'Földön sétálva keresi a táplálékát','',NULL);
INSERT INTO "questions" VALUES (145,'Levegőben keresi a táplálékát','',NULL);
INSERT INTO "questions" VALUES (146,'Egyhelyben várakozva keresi a táplálékát','',NULL);
INSERT INTO "questions" VALUES (147,'Közönséges Magyarországon','',NULL);
INSERT INTO "questions" VALUES (148,'Vizes élőhelyeken él','',NULL);
INSERT INTO "questions" VALUES (149,'Sárgás színű','',NULL);
INSERT INTO "questions" VALUES (165,'Tud hangokat kiadni','',NULL);
INSERT INTO "questions" VALUES (166,'Káros tud lenni az egészségre','',NULL);
INSERT INTO "questions" VALUES (168,'Négy lába van','',NULL);
INSERT INTO "questions" VALUES (169,'Ez egy rovar','',NULL);
INSERT INTO "questions" VALUES (170,'Állatkertben látható','',NULL);
INSERT INTO "questions" VALUES (171,'Családi csoportokban él','',NULL);
INSERT INTO "questions" VALUES (172,'Fekete és fehér','',NULL);
INSERT INTO "questions" VALUES (173,'Csoportban él','',NULL);
INSERT INTO "questions" VALUES (174,'Afrikából származik','',NULL);
INSERT INTO "questions" VALUES (176,'Kemény bőre van','',NULL);
INSERT INTO "questions" VALUES (177,'Szőrmés','',NULL);
INSERT INTO "questions" VALUES (178,'Ugrálva közlekedik','',NULL);
INSERT INTO "questions" VALUES (179,'Kisebb mint egy pingpong labda','',NULL);
INSERT INTO "questions" VALUES (180,'Mélytengerekben él','',NULL);
INSERT INTO "questions" VALUES (181,'Rendszeresen vedlik','',NULL);
INSERT INTO "questions" VALUES (183,'Dögevő','',NULL);
INSERT INTO "questions" VALUES (184,'Ürüléket eszik','',NULL);
INSERT INTO "questions" VALUES (185,'Igen szűk elterjedésű','földrajzi értelemben',NULL);
INSERT INTO "questions" VALUES (186,'Fehér alapvetően','',NULL);
INSERT INTO "questions" VALUES (188,'Vannak fülei','',NULL);
INSERT INTO "questions" VALUES (190,'Észak Amerikából származik','',NULL);
INSERT INTO "questions" VALUES (199,'Fejlett kommunikáció jellemző rá','',NULL);
INSERT INTO "questions" VALUES (202,'Veszélyes','',NULL);
INSERT INTO "questions" VALUES (207,'Csavart szarva van','',NULL);
INSERT INTO "questions" VALUES (208,'Hosszú szőre van','',NULL);
INSERT INTO "questions" VALUES (209,'Rövid szőre van','',NULL);
INSERT INTO "questions" VALUES (210,'Hegyes füle van','',NULL);
INSERT INTO "questions" VALUES (211,'Jó a szaglása','',NULL);
INSERT INTO "questions" VALUES (215,'Hatalmas nagy','',NULL);
INSERT INTO "questions" VALUES (223,'Alapvetően fekete','',NULL);
INSERT INTO "questions" VALUES (224,'Szeret futni','',NULL);
INSERT INTO "questions" VALUES (226,'Bokros területeken él','',NULL);
INSERT INTO "questions" VALUES (227,'Nádasokban él','',NULL);
INSERT INTO "questions" VALUES (228,'Erdei állat','',NULL);
INSERT INTO "questions" VALUES (229,'Mocsaras területeken él','',NULL);
INSERT INTO "questions" VALUES (230,'Nem nappali aktivitású','',NULL);
INSERT INTO "questions" VALUES (231,'Madagaszkáron él','',NULL);
INSERT INTO "questions" VALUES (232,'Afrikai állat','',NULL);
INSERT INTO "questions" VALUES (233,'Új-Zélandon él','',NULL);
INSERT INTO "questions" VALUES (234,'Az egész világon elterjedt','',NULL);
INSERT INTO "questions" VALUES (235,'Tud világítani','',NULL);
INSERT INTO "questions" VALUES (236,'Görönyös bőre van','',NULL);
INSERT INTO "questions" VALUES (237,'Kiássa magának az élőhelyét','',NULL);
INSERT INTO "questions" VALUES (238,'Más állatok által készített helyeken költ','',NULL);
INSERT INTO "questions" VALUES (239,'Pókokkal táplálkozik','',NULL);
INSERT INTO "questions" VALUES (240,'Gombákkal táplálkozik','',NULL);
INSERT INTO "questions" VALUES (241,'Vízet szürögetve táplálkozik','',NULL);
INSERT INTO "questions" VALUES (245,'Tud repülni','',NULL);
INSERT INTO "questions" VALUES (246,'Vannak lábai','',NULL);
INSERT INTO "questions" VALUES (247,'Tíz lába van','',NULL);
INSERT INTO "questions" VALUES (248,'Sós vízben él','',NULL);
INSERT INTO "questions" VALUES (250,'Halakat eszik','',NULL);
INSERT INTO "questions" VALUES (252,'Egyszerre egy utódot nevel','',NULL);
INSERT INTO "questions" VALUES (253,'Egyszerre két utódot nevel','',NULL);
INSERT INTO "questions" VALUES (254,'Egyszerre három utódot nevel','',NULL);
INSERT INTO "questions" VALUES (255,'Nagy csoportokban él','',NULL);
INSERT INTO "questions" VALUES (256,'Ez egy kutyaféle','',NULL);
INSERT INTO "questions" VALUES (257,'Ez egy macskaféle','',NULL);
INSERT INTO "questions" VALUES (258,'Menyétféle','',NULL);
INSERT INTO "questions" VALUES (259,'Énekesmadár','',NULL);
INSERT INTO "questions" VALUES (260,'Pintyféle','',NULL);
INSERT INTO "questions" VALUES (262,'Sérülékeny','',NULL);
INSERT INTO "questions" VALUES (266,'Változó testhőmérsékletű','',NULL);
INSERT INTO "questions" VALUES (267,'Barlangokban él','',NULL);
INSERT INTO "questions" VALUES (277,'Üregekben költ','',NULL);
INSERT INTO "questions" VALUES (280,'Az ember legjobb barátjának tartják','',NULL);
INSERT INTO "questions" VALUES (281,'Vonuló','',NULL);
INSERT INTO "questions" VALUES (282,'Van farka','',NULL);
INSERT INTO "questions" VALUES (283,'Van tüdeje','',NULL);
INSERT INTO "questions" VALUES (284,'Tud morogni','',NULL);
INSERT INTO "questions" VALUES (285,'Tud gondolkodni','',NULL);
INSERT INTO "questions" VALUES (286,'Szokták háziállatként tartani','',NULL);
INSERT INTO "questions" VALUES (287,'Hegyes orra van','',NULL);
INSERT INTO "questions" VALUES (288,'Nagyobb mint egy dívány','',NULL);
INSERT INTO "questions" VALUES (289,'Nem vonuló','',NULL);
INSERT INTO "questions" VALUES (290,'Jól lát','',NULL);
INSERT INTO "questions" VALUES (292,'Függelékek vannak rajta','',NULL);
INSERT INTO "questions" VALUES (293,'Párosával él','',NULL);
INSERT INTO "questions" VALUES (295,'Vannak irizáló színei','',NULL);
INSERT INTO "questions" VALUES (297,'Más állatokban él','',NULL);
INSERT INTO "questions" VALUES (298,'Erős hangja van','',NULL);
INSERT INTO "questions" VALUES (299,'Belefér egy uzsonnás dobozba','',NULL);
INSERT INTO "questions" VALUES (300,'Hossz ideig él','',NULL);
INSERT INTO "questions" VALUES (301,'Hálót sző','',NULL);
INSERT INTO "questions" VALUES (302,'Kétéltű','',NULL);
INSERT INTO "questions" VALUES (303,'Ez egy ragadozó','',NULL);
INSERT INTO "questions" VALUES (304,'Négy lábújja van','',NULL);
INSERT INTO "questions" VALUES (305,'Villás nyelve van','',NULL);
INSERT INTO "questions" VALUES (306,'Ízeltlábú','',NULL);
INSERT INTO "questions" VALUES (307,'Puhatestű','',NULL);
INSERT INTO "questions" VALUES (308,'Láttál már valaha ilyen állatot','',NULL);
INSERT INTO "questions" VALUES (309,'Sarkvidéken él','',NULL);
INSERT INTO "questions" VALUES (310,'Ijesztő állat','',NULL);
INSERT INTO "questions" VALUES (311,'Trópusokon él','',NULL);
INSERT INTO "questions" VALUES (312,'Sivatagi állat','',NULL);
INSERT INTO "questions" VALUES (313,'Fürdőszobában lehet vele találkozni','',NULL);
INSERT INTO "questions" VALUES (314,'Csőre van','',NULL);
INSERT INTO "questions" VALUES (315,'Szürkés színű','',NULL);
INSERT INTO "questions" VALUES (316,'Jellegzetes szaga van','',NULL);
INSERT INTO "questions" VALUES (317,'Nagy fülei vannak','',NULL);
INSERT INTO "questions" VALUES (318,'Erős lába van','',NULL);
INSERT INTO "questions" VALUES (319,'Lekkelő','',NULL);
INSERT INTO "questions" VALUES (320,'Nincs ivari dimorfizmus náluk','',NULL);
INSERT INTO "questions" VALUES (321,'Tenyésztett állat','',NULL);
INSERT INTO "questions" VALUES (322,'Vadon élő állat','',NULL);
INSERT INTO "questions" VALUES (323,'Meg lehet vásárolni','',NULL);
INSERT INTO "questions" VALUES (324,'Jól lát éjszaka is','',NULL);
INSERT INTO "questions" VALUES (325,'Lassan mozog','',NULL);
INSERT INTO "questions" VALUES (326,'Tüskés','',NULL);
INSERT INTO "questions" VALUES (327,'Rovarokat eszik','',NULL);
INSERT INTO "questions" VALUES (328,'Tudja a méretét változtatni','',NULL);
INSERT INTO "questions" VALUES (329,'Lehet háziállatként tartani','',NULL);
INSERT INTO "questions" VALUES (330,'Vannak agyarai','',NULL);
INSERT INTO "questions" VALUES (331,'Ultrahangokkal tájékozódik','',NULL);
INSERT INTO "questions" VALUES (332,'Tengerekben él','',NULL);
INSERT INTO "questions" VALUES (333,'Gyümölcsöket eszik','',NULL);
INSERT INTO "questions" VALUES (334,'Méhlepényes','',NULL);
INSERT INTO "questions" VALUES (335,'Háziasított állat','',NULL);
INSERT INTO "questions" VALUES (340,'Folyóvizekben él','',NULL);
INSERT INTO "questions" VALUES (341,'Édesvízben él','',NULL);
INSERT INTO "questions" VALUES (342,'Főemlős','',NULL);
INSERT INTO "questions" VALUES (343,'Hegyi patakokban él','',NULL);
INSERT INTO "questions" VALUES (345,'Meg tud harapni','',NULL);
INSERT INTO "questions" VALUES (346,'Van karma','',NULL);
INSERT INTO "questions" VALUES (348,'Hosszú orra van','',NULL);
INSERT INTO "questions" VALUES (349,'Leveleket eszik','',NULL);
INSERT INTO "questions" VALUES (350,'Esőerdei állat','',NULL);
INSERT INTO "questions" VALUES (351,'Dél-Amerikai állat','',NULL);
INSERT INTO "questions" VALUES (352,'Mérgező','',NULL);
INSERT INTO "questions" VALUES (353,'Két lába van','',NULL);
INSERT INTO "questions" VALUES (355,'Két pár szárnya van','',NULL);
INSERT INTO "questions" VALUES (356,'Ivari dimorfizmus jellemző rá','',NULL);
INSERT INTO "questions" VALUES (357,'Macskaféle','',NULL);
INSERT INTO "questions" VALUES (358,'Magányosan él','',NULL);
INSERT INTO "questions" VALUES (359,'Fákon fejlődik','',NULL);
INSERT INTO "questions" VALUES (360,'Territoriális','',NULL);
INSERT INTO "questions" VALUES (361,'Okos','',NULL);
INSERT INTO "questions" VALUES (362,'Mikroszkópikus élőlényeket fogyaszt','',NULL);
INSERT INTO "questions" VALUES (363,'Maga készíti a költőhelyét','',NULL);
INSERT INTO "questions" VALUES (364,'Kemény külső váza van','',NULL);
INSERT INTO "questions" VALUES (365,'Vérszívó','',NULL);
INSERT INTO "questions" VALUES (366,'Jelenleg is élő','',NULL);
INSERT INTO "questions" VALUES (367,'Csíkos','',NULL);
INSERT INTO "questions" VALUES (368,'Rügyeket eszik','',NULL);
INSERT INTO "questions" VALUES (369,'Nincs kopoltyúfedője','',NULL);
INSERT INTO "questions" VALUES (370,'Külső megtermékenyítésű','',NULL);
INSERT INTO "questions" VALUES (373,'Teniszlabda nagyságú','',NULL);
INSERT INTO "questions" VALUES (374,'Növényevő','',NULL);
INSERT INTO "questions" VALUES (375,'Vannak fogai','',NULL);
INSERT INTO "questions" VALUES (376,'Gombostűfejnyi','',NULL);
INSERT INTO "questions" VALUES (377,'Gyerek méretű','',NULL);
INSERT INTO "questions" VALUES (378,'Húsevő','',NULL);
INSERT INTO "questions" VALUES (379,'Éjszaka keresi a táplálékát','',NULL);
INSERT INTO "questions" VALUES (380,'Sok lába van','',NULL);
INSERT INTO "questions" VALUES (381,'Ősszájú','',NULL);
INSERT INTO "questions" VALUES (382,'Ugat','',NULL);
INSERT INTO "questions" VALUES (383,'Újszájú','',NULL);
INSERT INTO "questions" VALUES (384,'Algákat eszik','',NULL);
INSERT INTO "questions" VALUES (389,'Lapos','',NULL);
INSERT INTO "questions" VALUES (390,'Áttetsző','',NULL);
INSERT INTO "questions" VALUES (391,'Laborban szokták tenyészteni','',NULL);
INSERT INTO "questions" VALUES (393,'Dorombol','',NULL);
INSERT INTO "questions" VALUES (394,'Tud úszni','',NULL);
INSERT INTO "questions" VALUES (396,'Tug ugrani','',NULL);
INSERT INTO "questions" VALUES (397,'Akkora mint egy ház','',NULL);
INSERT INTO "questions" VALUES (398,'Szarva van','',NULL);
INSERT INTO "questions" VALUES (399,'Az egyes életszakaszaiban eltérő életmódot folytat','',NULL);
INSERT INTO "questions" VALUES (400,'Minimális utódgondozás jellemző rá','',NULL);
INSERT INTO "questions" VALUES (401,'Évente egyszer szaporodik','',NULL);
INSERT INTO "questions" VALUES (406,'Nagyon gyors','',NULL);
INSERT INTO "questions" VALUES (407,'Mediterránumban őshonos','',NULL);
INSERT INTO "questions" VALUES (408,'Vannak szemei','',NULL);
INSERT INTO "questions" VALUES (409,'Parazita','',NULL);
INSERT INTO "questions" VALUES (410,'Ez egy emlős','',NULL);
INSERT INTO "questions" VALUES (414,'Hegyekben él','',NULL);
INSERT INTO "questions" VALUES (417,'Lompos farka van','',NULL);
INSERT INTO "questions" VALUES (424,'Réges régen élt','',NULL);
INSERT INTO "questions" VALUES (448,'Európában őshonos','',NULL);
INSERT INTO "questions" VALUES (450,'Szokták vadászni','',NULL);
INSERT INTO "questions" VALUES (451,'Az egyedei felismerik egymást','',NULL);
INSERT INTO "questions" VALUES (452,'Patás','',NULL);
INSERT INTO "questions" VALUES (454,'Tollas','',NULL);
INSERT INTO "questions" VALUES (455,'Meg lehet lovagolni','',NULL);
INSERT INTO "questions" VALUES (456,'Szőrös','',NULL);
INSERT INTO "questions" VALUES (459,'Legelő állat','',NULL);
INSERT INTO "questions" VALUES (461,'Jellegzetes fej mintázata van','',NULL);
INSERT INTO "questions" VALUES (463,'Kelet-Ázsiában él','',NULL);
INSERT INTO "questions" VALUES (464,'Galapagoson él','',NULL);
INSERT INTO "questions" VALUES (465,'Tavakban él','',NULL);
INSERT INTO "questions" VALUES (476,'Kellemetlen szaga van','',NULL);
INSERT INTO "questions" VALUES (478,'Meg szoktuk enni','',NULL);
INSERT INTO "questions" VALUES (479,'Készítenek belőle ruhát','',NULL);
INSERT INTO "questions" VALUES (486,'Ez egy hal','',NULL);
INSERT INTO "questions" VALUES (488,'A hím és a nőstény csak szaporodási időszakban találkoznak egymással','',NULL);
INSERT INTO "questions" VALUES (489,'Egy éves életciklusa van','',NULL);
INSERT INTO "questions" VALUES (490,'Euszociális','',NULL);
INSERT INTO "questions" VALUES (491,'Hatalmas orra van','',NULL);
INSERT INTO "questions" VALUES (492,'Afrikai füves élőhelyeken él','',NULL);
INSERT INTO "questions" VALUES (493,'Pöttyök vannak rajta','',NULL);
INSERT INTO "questions" VALUES (494,'Talajlakó','',NULL);
INSERT INTO "questions" VALUES (495,'Kifejlett egyedei 1000 kg-ot meghaladó testömegűek','',NULL);
INSERT INTO "questions" VALUES (496,'Rejtőszínezetű','',NULL);
INSERT INTO "questions" VALUES (497,'A hím gondoskodik az útódokról','',NULL);
INSERT INTO "questions" VALUES (498,'A nőstény gondoskodik az utódokról','',NULL);
INSERT INTO "questions" VALUES (500,'Költésparazita','',NULL);
INSERT INTO "questions" VALUES (501,'Rágcsáló','',NULL);
INSERT INTO "questions" VALUES (503,'Gyorsan tud futni','',NULL);
INSERT INTO "questions" VALUES (505,'Narancsos színezetű','',NULL);
INSERT INTO "questions" VALUES (506,'Más állatokra hasonlít','',NULL);
INSERT INTO "questions" VALUES (507,'Rejtett életmódot él','',NULL);
INSERT INTO "questions" VALUES (508,'Egyes helyeken nagyon gyakori','',NULL);
INSERT INTO "questions" VALUES (509,'Fákban él','',NULL);
INSERT INTO "questions" VALUES (510,'Hidegtűrő','',NULL);
INSERT INTO "questions" VALUES (511,'Melegkedvelő','',NULL);
INSERT INTO "questions" VALUES (512,'Petéket rak','',NULL);
INSERT INTO "questions" VALUES (513,'Ausztráliából származik','',NULL);
INSERT INTO "questions" VALUES (514,'Ez egy madár','',NULL);
INSERT INTO "questions" VALUES (517,'Belső megtermékenyítésű','',NULL);
INSERT INTO "questions" VALUES (518,'Ez egy gerinctelen','',NULL);
INSERT INTO "questions" VALUES (520,'Kb fél méteres','',NULL);
INSERT INTO "questions" VALUES (528,'Nászidőszakban megváltozik a színe','',NULL);
INSERT INTO "questions" VALUES (529,'Magokat eszik','',NULL);
INSERT INTO "questions" VALUES (530,'Poligám','',NULL);
INSERT INTO "questions" VALUES (532,'Monogám','',NULL);
INSERT INTO "questions" VALUES (533,'Ez mindenevő','',NULL);
INSERT INTO "questions" VALUES (534,'Kertekben előfordulhat','',NULL);
INSERT INTO "questions" VALUES (536,'Lebontó folyamatokban vesz részt','',NULL);
INSERT INTO "questions" VALUES (537,'Melegvérű állat','',NULL);
INSERT INTO "questions" VALUES (538,'Pincékben előfordulhat','',NULL);
INSERT INTO "questions" VALUES (539,'Gyökerekkel táplálkozik','',NULL);
INSERT INTO "questions" VALUES (540,'Víz alá tud bukni','',NULL);
INSERT INTO "questions" VALUES (541,'Nem lát','',NULL);
INSERT INTO "questions" VALUES (542,'Apró pettyek vannak rajta','',NULL);
INSERT INTO "questions" VALUES (543,'Pocsolyákban él','',NULL);
INSERT INTO "questions" VALUES (551,'Tud eszközöket használni','',NULL);
INSERT INTO "questions" VALUES (552,'Tud eszközöket készíteni','',NULL);
INSERT INTO "questions" VALUES (553,'Csupasz bőre van','',NULL);
INSERT INTO "questions" VALUES (555,'Értelmesnek tartják','',NULL);
INSERT INTO "questions" VALUES (559,'Ez egy hüllő','',NULL);
INSERT INTO "questions" VALUES (560,'Hosszú nyaka van','',NULL);
INSERT INTO "questions" VALUES (562,'Emberek környezetében él','',NULL);
INSERT INTO "questions" VALUES (563,'Ázsiában őshonos','',NULL);
INSERT INTO "questions" VALUES (564,'Összetett szeme van',NULL,NULL);
INSERT INTO "questions" VALUES (565,'Pontszemei vannak',NULL,NULL);
INSERT INTO "questions" VALUES (566,'Hólyagszeme van',NULL,'https://hu.wikipedia.org/wiki/Szem');
INSERT INTO "questions" VALUES (567,'Korhadék evő',NULL,NULL);
INSERT INTO "questions" VALUES (568,'Ragadozó',NULL,NULL);
INSERT INTO "questions" VALUES (569,'Palearktikus elterjedésű',NULL,'https://hu.wikipedia.org/wiki/Palearktikus_faunatartom%C3%A1ny');
INSERT INTO "questions" VALUES (570,'Gilisztákat eszik',NULL,NULL);
INSERT INTO "answers" VALUES (2,563,1,2,0,0.0,0.5,-0.5,'NAN',-0.5,0.5,'-INF',-1.0,-1.0);
INSERT INTO "answers" VALUES (2,566,4,0,0,1.1428571428571,-0.57142857142857,-0.57142857142857,0.22016580336274,0.4613456697472,0.4613456697472,0.1926450779424,-0.8073549220576,-0.8073549220576);
INSERT INTO "answers" VALUES (2,564,0,1,0,-0.25,0.5,-0.25,0.5,-0.5,0.5,-2.0,-1.0,-2.0);
INSERT INTO "answers" VALUES (2,567,0,4,0,-0.57142857142857,1.1428571428571,-0.57142857142857,0.4613456697472,0.22016580336274,0.4613456697472,-0.8073549220576,0.1926450779424,-0.8073549220576);
INSERT INTO "answers" VALUES (2,555,0,4,0,-0.57142857142857,1.1428571428571,-0.57142857142857,0.4613456697472,0.22016580336274,0.4613456697472,-0.8073549220576,0.1926450779424,-0.8073549220576);
INSERT INTO "answers" VALUES (2,553,0,3,0,-0.5,1.0,-0.5,0.5,0.0,0.5,-1.0,0.0,-1.0);
INSERT INTO "answers" VALUES (2,559,0,4,0,-0.57142857142857,1.1428571428571,-0.57142857142857,0.4613456697472,0.22016580336274,0.4613456697472,-0.8073549220576,0.1926450779424,-0.8073549220576);
INSERT INTO "answers" VALUES (2,562,3,0,0,1.0,-0.5,-0.5,0.0,0.5,0.5,0.0,-1.0,-1.0);
INSERT INTO "answers" VALUES (2,543,0,2,0,-0.4,0.8,-0.4,0.52877123795494,-0.25754247590989,0.52877123795494,-1.3219280948874,-0.32192809488736,-1.3219280948874);
INSERT INTO "answers" VALUES (2,560,0,3,0,-0.5,1.0,-0.5,0.5,0.0,0.5,-1.0,0.0,-1.0);
INSERT INTO "answers" VALUES (2,542,0,4,0,-0.57142857142857,1.1428571428571,-0.57142857142857,0.4613456697472,0.22016580336274,0.4613456697472,-0.8073549220576,0.1926450779424,-0.8073549220576);
INSERT INTO "answers" VALUES (2,541,0,3,0,-0.5,1.0,-0.5,0.5,0.0,0.5,-1.0,0.0,-1.0);
INSERT INTO "answers" VALUES (2,552,0,4,0,-0.57142857142857,1.1428571428571,-0.57142857142857,0.4613456697472,0.22016580336274,0.4613456697472,-0.8073549220576,0.1926450779424,-0.8073549220576);
INSERT INTO "answers" VALUES (2,565,0,5,0,-0.625,1.25,-0.625,0.4237949406954,0.4024101186092,0.4237949406954,-0.67807190511264,0.32192809488736,-0.67807190511264);
INSERT INTO "answers" VALUES (2,540,0,4,0,-0.57142857142857,1.1428571428571,-0.57142857142857,0.4613456697472,0.22016580336274,0.4613456697472,-0.8073549220576,0.1926450779424,-0.8073549220576);
INSERT INTO "answers" VALUES (2,551,0,3,0,-0.5,1.0,-0.5,0.5,0.0,0.5,-1.0,0.0,-1.0);
INSERT INTO "answers" VALUES (2,539,0,2,0,-0.4,0.8,-0.4,0.52877123795494,-0.25754247590989,0.52877123795494,-1.3219280948874,-0.32192809488736,-1.3219280948874);
INSERT INTO "answers" VALUES (2,537,3,0,0,1.0,-0.5,-0.5,0.0,0.5,0.5,0.0,-1.0,-1.0);
INSERT INTO "answers" VALUES (1,567,1,1,0,0.2,0.2,-0.4,-0.46438561897747,-0.46438561897747,0.52877123795494,-2.3219280948874,-2.3219280948874,-1.3219280948874);
INSERT INTO "answers" VALUES (1,565,2,0,0,0.8,-0.4,-0.4,-0.25754247590989,0.52877123795494,0.52877123795494,-0.32192809488736,-1.3219280948874,-1.3219280948874);
INSERT INTO "answers" VALUES (1,563,1,0,0,0.5,-0.25,-0.25,-0.5,0.5,0.5,-1.0,-2.0,-2.0);
INSERT INTO "answers" VALUES (1,566,0,2,0,-0.4,0.8,-0.4,0.52877123795494,-0.25754247590989,0.52877123795494,-1.3219280948874,-0.32192809488736,-1.3219280948874);
INSERT INTO "answers" VALUES (1,555,0,2,0,-0.4,0.8,-0.4,0.52877123795494,-0.25754247590989,0.52877123795494,-1.3219280948874,-0.32192809488736,-1.3219280948874);
INSERT INTO "answers" VALUES (1,564,0,2,0,-0.4,0.8,-0.4,0.52877123795494,-0.25754247590989,0.52877123795494,-1.3219280948874,-0.32192809488736,-1.3219280948874);
INSERT INTO "answers" VALUES (1,559,0,2,0,-0.4,0.8,-0.4,0.52877123795494,-0.25754247590989,0.52877123795494,-1.3219280948874,-0.32192809488736,-1.3219280948874);
INSERT INTO "answers" VALUES (1,552,0,2,0,-0.4,0.8,-0.4,0.52877123795494,-0.25754247590989,0.52877123795494,-1.3219280948874,-0.32192809488736,-1.3219280948874);
INSERT INTO "answers" VALUES (1,543,0,1,0,-0.25,0.5,-0.25,0.5,-0.5,0.5,-2.0,-1.0,-2.0);
INSERT INTO "answers" VALUES (1,542,0,2,0,-0.4,0.8,-0.4,0.52877123795494,-0.25754247590989,0.52877123795494,-1.3219280948874,-0.32192809488736,-1.3219280948874);
INSERT INTO "answers" VALUES (1,541,0,2,0,-0.4,0.8,-0.4,0.52877123795494,-0.25754247590989,0.52877123795494,-1.3219280948874,-0.32192809488736,-1.3219280948874);
INSERT INTO "answers" VALUES (1,562,2,0,0,0.8,-0.4,-0.4,-0.25754247590989,0.52877123795494,0.52877123795494,-0.32192809488736,-1.3219280948874,-1.3219280948874);
INSERT INTO "answers" VALUES (1,560,0,2,0,-0.4,0.8,-0.4,0.52877123795494,-0.25754247590989,0.52877123795494,-1.3219280948874,-0.32192809488736,-1.3219280948874);
INSERT INTO "answers" VALUES (1,553,0,0,2,-0.4,-0.4,0.8,0.52877123795494,0.52877123795494,-0.25754247590989,-1.3219280948874,-1.3219280948874,-0.32192809488736);
INSERT INTO "answers" VALUES (1,551,0,2,0,-0.4,0.8,-0.4,0.52877123795494,-0.25754247590989,0.52877123795494,-1.3219280948874,-0.32192809488736,-1.3219280948874);
INSERT INTO "answers" VALUES (1,540,0,2,0,-0.4,0.8,-0.4,0.52877123795494,-0.25754247590989,0.52877123795494,-1.3219280948874,-0.32192809488736,-1.3219280948874);
INSERT INTO "answers" VALUES (1,539,0,2,0,-0.4,0.8,-0.4,0.52877123795494,-0.25754247590989,0.52877123795494,-1.3219280948874,-0.32192809488736,-1.3219280948874);
INSERT INTO "answers" VALUES (4,565,0,1,0,-0.25,0.5,-0.25,0.5,-0.5,0.5,-2.0,-1.0,-2.0);
INSERT INTO "answers" VALUES (4,562,0,1,0,-0.25,0.5,-0.25,0.5,-0.5,0.5,-2.0,-1.0,-2.0);
INSERT INTO "answers" VALUES (4,2,0,0,0,0.0,0.0,0.0,0.0,0.0,0.0,0.0,0.0,0.0);
INSERT INTO "answers" VALUES (4,567,0,1,0,-0.25,0.5,-0.25,0.5,-0.5,0.5,-2.0,-1.0,-2.0);
INSERT INTO "answers" VALUES (4,563,0,1,0,-0.25,0.5,-0.25,0.5,-0.5,0.5,-2.0,-1.0,-2.0);
INSERT INTO "answers" VALUES (4,566,1,0,0,0.5,-0.25,-0.25,-0.5,0.5,0.5,-1.0,-2.0,-2.0);
INSERT INTO "answers" VALUES (4,559,0,1,0,-0.25,0.5,-0.25,0.5,-0.5,0.5,-2.0,-1.0,-2.0);
INSERT INTO "answers" VALUES (4,555,1,0,0,0.5,-0.25,-0.25,-0.5,0.5,0.5,-1.0,-2.0,-2.0);
INSERT INTO "answers" VALUES (4,564,0,1,0,-0.25,0.5,-0.25,0.5,-0.5,0.5,-2.0,-1.0,-2.0);
INSERT INTO "answers" VALUES (4,552,0,1,0,-0.25,0.5,-0.25,0.5,-0.5,0.5,-2.0,-1.0,-2.0);
INSERT INTO "answers" VALUES (4,543,0,1,0,-0.25,0.5,-0.25,0.5,-0.5,0.5,-2.0,-1.0,-2.0);
INSERT INTO "answers" VALUES (4,542,0,1,0,-0.25,0.5,-0.25,0.5,-0.5,0.5,-2.0,-1.0,-2.0);
INSERT INTO "answers" VALUES (4,541,0,1,0,-0.25,0.5,-0.25,0.5,-0.5,0.5,-2.0,-1.0,-2.0);
INSERT INTO "answers" VALUES (4,560,0,1,0,-0.25,0.5,-0.25,0.5,-0.5,0.5,-2.0,-1.0,-2.0);
INSERT INTO "answers" VALUES (4,553,1,0,0,0.5,-0.25,-0.25,-0.5,0.5,0.5,-1.0,-2.0,-2.0);
INSERT INTO "answers" VALUES (4,551,0,1,0,-0.25,0.5,-0.25,0.5,-0.5,0.5,-2.0,-1.0,-2.0);
INSERT INTO "answers" VALUES (4,540,1,0,0,0.5,-0.25,-0.25,-0.5,0.5,0.5,-1.0,-2.0,-2.0);
INSERT INTO "answers" VALUES (4,1,0,0,0,0.0,0.0,0.0,0.0,0.0,0.0,0.0,0.0,0.0);
INSERT INTO "answers" VALUES (4,3,0,0,0,0.0,0.0,0.0,0.0,0.0,0.0,0.0,0.0,0.0);
INSERT INTO "answers" VALUES (5,1,0,0,0,0.0,0.0,0.0,0.0,0.0,0.0,0.0,0.0,0.0);
INSERT INTO "answers" VALUES (5,2,0,0,0,0.0,0.0,0.0,0.0,0.0,0.0,0.0,0.0,0.0);
INSERT INTO "answers" VALUES (5,188,1,0,0,0.5,-0.25,-0.25,-0.5,0.5,0.5,-1.0,-2.0,-2.0);
INSERT INTO "answers" VALUES (5,346,1,0,0,0.5,-0.25,-0.25,-0.5,0.5,0.5,-1.0,-2.0,-2.0);
INSERT INTO "answers" VALUES (5,293,0,1,0,-0.25,0.5,-0.25,0.5,-0.5,0.5,-2.0,-1.0,-2.0);
INSERT INTO "answers" VALUES (5,465,0,1,0,-0.25,0.5,-0.25,0.5,-0.5,0.5,-2.0,-1.0,-2.0);
INSERT INTO "answers" VALUES (5,137,1,0,0,0.5,-0.25,-0.25,-0.5,0.5,0.5,-1.0,-2.0,-2.0);
INSERT INTO "answers" VALUES (5,367,0,1,0,-0.25,0.5,-0.25,0.5,-0.5,0.5,-2.0,-1.0,-2.0);
INSERT INTO "answers" VALUES (5,536,0,1,0,-0.25,0.5,-0.25,0.5,-0.5,0.5,-2.0,-1.0,-2.0);
INSERT INTO "answers" VALUES (5,315,0,1,0,-0.25,0.5,-0.25,0.5,-0.5,0.5,-2.0,-1.0,-2.0);
INSERT INTO "answers" VALUES (5,184,0,1,0,-0.25,0.5,-0.25,0.5,-0.5,0.5,-2.0,-1.0,-2.0);
INSERT INTO "answers" VALUES (5,170,0,1,0,-0.25,0.5,-0.25,0.5,-0.5,0.5,-2.0,-1.0,-2.0);
INSERT INTO "answers" VALUES (5,384,0,1,0,-0.25,0.5,-0.25,0.5,-0.5,0.5,-2.0,-1.0,-2.0);
INSERT INTO "answers" VALUES (5,510,1,0,0,0.5,-0.25,-0.25,-0.5,0.5,0.5,-1.0,-2.0,-2.0);
INSERT INTO "answers" VALUES (5,454,0,1,0,-0.25,0.5,-0.25,0.5,-0.5,0.5,-2.0,-1.0,-2.0);
INSERT INTO "answers" VALUES (5,142,0,1,0,-0.25,0.5,-0.25,0.5,-0.5,0.5,-2.0,-1.0,-2.0);
INSERT INTO "answers" VALUES (5,539,0,1,0,-0.25,0.5,-0.25,0.5,-0.5,0.5,-2.0,-1.0,-2.0);
INSERT INTO "answers" VALUES (5,286,1,0,0,0.5,-0.25,-0.25,-0.5,0.5,0.5,-1.0,-2.0,-2.0);
INSERT INTO "answers" VALUES (5,3,0,0,0,0.0,0.0,0.0,0.0,0.0,0.0,0.0,0.0,0.0);
INSERT INTO "answers" VALUES (6,1,0,0,0,0.0,0.0,0.0,0.0,0.0,0.0,0.0,0.0,0.0);
INSERT INTO "answers" VALUES (6,2,0,0,0,0.0,0.0,0.0,0.0,0.0,0.0,0.0,0.0,0.0);
INSERT INTO "answers" VALUES (6,140,1,0,0,0.5,-0.25,-0.25,-0.5,0.5,0.5,-1.0,-2.0,-2.0);
INSERT INTO "answers" VALUES (6,486,0,1,0,-0.25,0.5,-0.25,0.5,-0.5,0.5,-2.0,-1.0,-2.0);
INSERT INTO "answers" VALUES (6,9,1,0,0,0.5,-0.25,-0.25,-0.5,0.5,0.5,-1.0,-2.0,-2.0);
INSERT INTO "answers" VALUES (6,560,0,1,0,-0.25,0.5,-0.25,0.5,-0.5,0.5,-2.0,-1.0,-2.0);
INSERT INTO "answers" VALUES (6,391,0,1,0,-0.25,0.5,-0.25,0.5,-0.5,0.5,-2.0,-1.0,-2.0);
INSERT INTO "answers" VALUES (6,211,1,0,0,0.5,-0.25,-0.25,-0.5,0.5,0.5,-1.0,-2.0,-2.0);
INSERT INTO "answers" VALUES (6,146,0,1,0,-0.25,0.5,-0.25,0.5,-0.5,0.5,-2.0,-1.0,-2.0);
INSERT INTO "answers" VALUES (6,300,1,0,0,0.5,-0.25,-0.25,-0.5,0.5,0.5,-1.0,-2.0,-2.0);
INSERT INTO "answers" VALUES (6,331,0,1,0,-0.25,0.5,-0.25,0.5,-0.5,0.5,-2.0,-1.0,-2.0);
INSERT INTO "answers" VALUES (6,311,0,1,0,-0.25,0.5,-0.25,0.5,-0.5,0.5,-2.0,-1.0,-2.0);
INSERT INTO "answers" VALUES (6,325,0,1,0,-0.25,0.5,-0.25,0.5,-0.5,0.5,-2.0,-1.0,-2.0);
INSERT INTO "answers" VALUES (6,74,0,1,0,-0.25,0.5,-0.25,0.5,-0.5,0.5,-2.0,-1.0,-2.0);
INSERT INTO "answers" VALUES (6,277,0,1,0,-0.25,0.5,-0.25,0.5,-0.5,0.5,-2.0,-1.0,-2.0);
INSERT INTO "answers" VALUES (6,233,0,1,0,-0.25,0.5,-0.25,0.5,-0.5,0.5,-2.0,-1.0,-2.0);
INSERT INTO "answers" VALUES (6,328,0,1,0,-0.25,0.5,-0.25,0.5,-0.5,0.5,-2.0,-1.0,-2.0);
INSERT INTO "answers" VALUES (6,542,0,1,0,-0.25,0.5,-0.25,0.5,-0.5,0.5,-2.0,-1.0,-2.0);
INSERT INTO "answers" VALUES (6,3,0,0,0,0.0,0.0,0.0,0.0,0.0,0.0,0.0,0.0,0.0);
INSERT INTO "answers" VALUES (6,563,1,0,0,0.5,-0.25,-0.25,-0.5,0.5,0.5,-1.0,-2.0,-2.0);
INSERT INTO "answers" VALUES (6,36,0,0,0,0.0,0.0,0.0,0.0,0.0,0.0,0.0,0.0,0.0);
INSERT INTO "answers" VALUES (2,37,0,0,0,0.0,0.0,0.0,0.0,0.0,0.0,0.0,0.0,0.0);
INSERT INTO "answers" VALUES (2,36,0,0,0,0.0,0.0,0.0,0.0,0.0,0.0,0.0,0.0,0.0);
INSERT INTO "answers" VALUES (2,3,0,2,0,-0.4,0.8,-0.4,0.52877123795494,-0.25754247590989,0.52877123795494,-1.3219280948874,-0.32192809488736,-1.3219280948874);
INSERT INTO "answers" VALUES (2,35,0,0,0,0.0,0.0,0.0,0.0,0.0,0.0,0.0,0.0,0.0);
INSERT INTO "answers" VALUES (2,1,0,0,0,0.0,0.0,0.0,0.0,0.0,0.0,0.0,0.0,0.0);
INSERT INTO "answers" VALUES (5,566,1,0,0,0.5,-0.25,-0.25,-0.5,0.5,0.5,-1.0,-2.0,-2.0);
INSERT INTO "answers" VALUES (5,37,0,0,0,0.0,0.0,0.0,0.0,0.0,0.0,0.0,0.0,0.0);
INSERT INTO "answers" VALUES (7,455,1,0,0,0.5,-0.25,-0.25,-0.5,0.5,0.5,-1.0,-2.0,-2.0);
INSERT INTO "answers" VALUES (7,1,0,0,0,0.0,0.0,0.0,0.0,0.0,0.0,0.0,0.0,0.0);
INSERT INTO "answers" VALUES (7,563,1,0,0,0.5,-0.25,-0.25,-0.5,0.5,0.5,-1.0,-2.0,-2.0);
INSERT INTO "answers" VALUES (7,566,1,0,0,0.5,-0.25,-0.25,-0.5,0.5,0.5,-1.0,-2.0,-2.0);
INSERT INTO "answers" VALUES (7,560,1,0,0,0.5,-0.25,-0.25,-0.5,0.5,0.5,-1.0,-2.0,-2.0);
INSERT INTO "answers" VALUES (7,454,0,1,0,-0.25,0.5,-0.25,0.5,-0.5,0.5,-2.0,-1.0,-2.0);
INSERT INTO "answers" VALUES (7,465,0,1,0,-0.25,0.5,-0.25,0.5,-0.5,0.5,-2.0,-1.0,-2.0);
INSERT INTO "answers" VALUES (7,542,0,1,0,-0.25,0.5,-0.25,0.5,-0.5,0.5,-2.0,-1.0,-2.0);
INSERT INTO "answers" VALUES (7,539,0,1,0,-0.25,0.5,-0.25,0.5,-0.5,0.5,-2.0,-1.0,-2.0);
INSERT INTO "answers" VALUES (7,384,0,1,0,-0.25,0.5,-0.25,0.5,-0.5,0.5,-2.0,-1.0,-2.0);
INSERT INTO "answers" VALUES (7,486,0,1,0,-0.25,0.5,-0.25,0.5,-0.5,0.5,-2.0,-1.0,-2.0);
INSERT INTO "answers" VALUES (7,391,0,1,0,-0.25,0.5,-0.25,0.5,-0.5,0.5,-2.0,-1.0,-2.0);
INSERT INTO "answers" VALUES (7,536,0,1,0,-0.25,0.5,-0.25,0.5,-0.5,0.5,-2.0,-1.0,-2.0);
INSERT INTO "answers" VALUES (7,331,0,1,0,-0.25,0.5,-0.25,0.5,-0.5,0.5,-2.0,-1.0,-2.0);
INSERT INTO "answers" VALUES (7,293,0,1,0,-0.25,0.5,-0.25,0.5,-0.5,0.5,-2.0,-1.0,-2.0);
INSERT INTO "answers" VALUES (8,529,1,0,0,0.5,-0.25,-0.25,-0.5,0.5,0.5,-1.0,-2.0,-2.0);
INSERT INTO "answers" VALUES (8,566,5,0,0,1.25,-0.625,-0.625,0.4024101186092,0.4237949406954,0.4237949406954,0.32192809488736,-0.67807190511264,-0.67807190511264);
INSERT INTO "answers" VALUES (8,542,0,5,0,-0.625,1.25,-0.625,0.4237949406954,0.4024101186092,0.4237949406954,-0.67807190511264,0.32192809488736,-0.67807190511264);
INSERT INTO "answers" VALUES (8,551,0,5,0,-0.625,1.25,-0.625,0.4237949406954,0.4024101186092,0.4237949406954,-0.67807190511264,0.32192809488736,-0.67807190511264);
INSERT INTO "answers" VALUES (8,565,0,5,0,-0.625,1.25,-0.625,0.4237949406954,0.4024101186092,0.4237949406954,-0.67807190511264,0.32192809488736,-0.67807190511264);
INSERT INTO "answers" VALUES (8,560,0,5,0,-0.625,1.25,-0.625,0.4237949406954,0.4024101186092,0.4237949406954,-0.67807190511264,0.32192809488736,-0.67807190511264);
INSERT INTO "answers" VALUES (8,539,0,5,0,-0.625,1.25,-0.625,0.4237949406954,0.4024101186092,0.4237949406954,-0.67807190511264,0.32192809488736,-0.67807190511264);
INSERT INTO "answers" VALUES (8,536,0,4,0,-0.57142857142857,1.1428571428571,-0.57142857142857,0.4613456697472,0.22016580336274,0.4613456697472,-0.8073549220576,0.1926450779424,-0.8073549220576);
INSERT INTO "answers" VALUES (8,391,0,2,0,-0.4,0.8,-0.4,0.52877123795494,-0.25754247590989,0.52877123795494,-1.3219280948874,-0.32192809488736,-1.3219280948874);
INSERT INTO "answers" VALUES (8,567,0,5,0,-0.625,1.25,-0.625,0.4237949406954,0.4024101186092,0.4237949406954,-0.67807190511264,0.32192809488736,-0.67807190511264);
INSERT INTO "answers" VALUES (8,540,0,5,0,-0.625,1.25,-0.625,0.4237949406954,0.4024101186092,0.4237949406954,-0.67807190511264,0.32192809488736,-0.67807190511264);
INSERT INTO "answers" VALUES (8,510,2,2,0,0.28571428571429,0.28571428571429,-0.57142857142857,-0.51638712058789,-0.51638712058789,0.4613456697472,-1.8073549220576,-1.8073549220576,-0.8073549220576);
INSERT INTO "answers" VALUES (8,331,0,2,0,-0.4,0.8,-0.4,0.52877123795494,-0.25754247590989,0.52877123795494,-1.3219280948874,-0.32192809488736,-1.3219280948874);
INSERT INTO "answers" VALUES (8,559,0,5,0,-0.625,1.25,-0.625,0.4237949406954,0.4024101186092,0.4237949406954,-0.67807190511264,0.32192809488736,-0.67807190511264);
INSERT INTO "answers" VALUES (8,555,5,0,0,1.25,-0.625,-0.625,0.4024101186092,0.4237949406954,0.4237949406954,0.32192809488736,-0.67807190511264,-0.67807190511264);
INSERT INTO "answers" VALUES (8,328,0,4,0,-0.57142857142857,1.1428571428571,-0.57142857142857,0.4613456697472,0.22016580336274,0.4613456697472,-0.8073549220576,0.1926450779424,-0.8073549220576);
INSERT INTO "answers" VALUES (8,562,5,0,0,1.25,-0.625,-0.625,0.4024101186092,0.4237949406954,0.4237949406954,0.32192809488736,-0.67807190511264,-0.67807190511264);
INSERT INTO "answers" VALUES (8,384,0,3,0,-0.5,1.0,-0.5,0.5,0.0,0.5,-1.0,0.0,-1.0);
INSERT INTO "answers" VALUES (8,3,0,3,0,-0.5,1.0,-0.5,0.5,0.0,0.5,-1.0,0.0,-1.0);
INSERT INTO "answers" VALUES (2,520,0,2,0,-0.4,0.8,-0.4,0.52877123795494,-0.25754247590989,0.52877123795494,-1.3219280948874,-0.32192809488736,-1.3219280948874);
INSERT INTO "answers" VALUES (2,465,0,4,0,-0.57142857142857,1.1428571428571,-0.57142857142857,0.4613456697472,0.22016580336274,0.4613456697472,-0.8073549220576,0.1926450779424,-0.8073549220576);
INSERT INTO "answers" VALUES (2,328,0,2,0,-0.4,0.8,-0.4,0.52877123795494,-0.25754247590989,0.52877123795494,-1.3219280948874,-0.32192809488736,-1.3219280948874);
INSERT INTO "answers" VALUES (2,536,0,2,0,-0.4,0.8,-0.4,0.52877123795494,-0.25754247590989,0.52877123795494,-1.3219280948874,-0.32192809488736,-1.3219280948874);
INSERT INTO "answers" VALUES (2,486,0,2,0,-0.4,0.8,-0.4,0.52877123795494,-0.25754247590989,0.52877123795494,-1.3219280948874,-0.32192809488736,-1.3219280948874);
INSERT INTO "answers" VALUES (2,510,0,1,0,-0.25,0.5,-0.25,0.5,-0.5,0.5,-2.0,-1.0,-2.0);
INSERT INTO "answers" VALUES (2,300,0,1,0,-0.25,0.5,-0.25,0.5,-0.5,0.5,-2.0,-1.0,-2.0);
INSERT INTO "answers" VALUES (3,241,0,2,0,-0.4,0.8,-0.4,0.52877123795494,-0.25754247590989,0.52877123795494,-1.3219280948874,-0.32192809488736,-1.3219280948874);
INSERT INTO "answers" VALUES (3,566,2,0,0,0.8,-0.4,-0.4,-0.25754247590989,0.52877123795494,0.52877123795494,-0.32192809488736,-1.3219280948874,-1.3219280948874);
INSERT INTO "answers" VALUES (3,542,0,2,0,-0.4,0.8,-0.4,0.52877123795494,-0.25754247590989,0.52877123795494,-1.3219280948874,-0.32192809488736,-1.3219280948874);
INSERT INTO "answers" VALUES (3,559,0,2,0,-0.4,0.8,-0.4,0.52877123795494,-0.25754247590989,0.52877123795494,-1.3219280948874,-0.32192809488736,-1.3219280948874);
INSERT INTO "answers" VALUES (3,562,2,0,0,0.8,-0.4,-0.4,-0.25754247590989,0.52877123795494,0.52877123795494,-0.32192809488736,-1.3219280948874,-1.3219280948874);
INSERT INTO "answers" VALUES (3,567,0,2,0,-0.4,0.8,-0.4,0.52877123795494,-0.25754247590989,0.52877123795494,-1.3219280948874,-0.32192809488736,-1.3219280948874);
INSERT INTO "answers" VALUES (3,560,0,2,0,-0.4,0.8,-0.4,0.52877123795494,-0.25754247590989,0.52877123795494,-1.3219280948874,-0.32192809488736,-1.3219280948874);
INSERT INTO "answers" VALUES (3,553,0,2,0,-0.4,0.8,-0.4,0.52877123795494,-0.25754247590989,0.52877123795494,-1.3219280948874,-0.32192809488736,-1.3219280948874);
INSERT INTO "answers" VALUES (3,552,0,2,0,-0.4,0.8,-0.4,0.52877123795494,-0.25754247590989,0.52877123795494,-1.3219280948874,-0.32192809488736,-1.3219280948874);
INSERT INTO "answers" VALUES (3,555,0,2,0,-0.4,0.8,-0.4,0.52877123795494,-0.25754247590989,0.52877123795494,-1.3219280948874,-0.32192809488736,-1.3219280948874);
INSERT INTO "answers" VALUES (3,565,0,2,0,-0.4,0.8,-0.4,0.52877123795494,-0.25754247590989,0.52877123795494,-1.3219280948874,-0.32192809488736,-1.3219280948874);
INSERT INTO "answers" VALUES (3,539,0,2,0,-0.4,0.8,-0.4,0.52877123795494,-0.25754247590989,0.52877123795494,-1.3219280948874,-0.32192809488736,-1.3219280948874);
INSERT INTO "answers" VALUES (3,551,0,2,0,-0.4,0.8,-0.4,0.52877123795494,-0.25754247590989,0.52877123795494,-1.3219280948874,-0.32192809488736,-1.3219280948874);
INSERT INTO "answers" VALUES (3,541,0,2,0,-0.4,0.8,-0.4,0.52877123795494,-0.25754247590989,0.52877123795494,-1.3219280948874,-0.32192809488736,-1.3219280948874);
INSERT INTO "answers" VALUES (3,540,0,2,0,-0.4,0.8,-0.4,0.52877123795494,-0.25754247590989,0.52877123795494,-1.3219280948874,-0.32192809488736,-1.3219280948874);
INSERT INTO "answers" VALUES (3,536,0,2,0,-0.4,0.8,-0.4,0.52877123795494,-0.25754247590989,0.52877123795494,-1.3219280948874,-0.32192809488736,-1.3219280948874);
INSERT INTO "answers" VALUES (3,486,0,2,0,-0.4,0.8,-0.4,0.52877123795494,-0.25754247590989,0.52877123795494,-1.3219280948874,-0.32192809488736,-1.3219280948874);
INSERT INTO "answers" VALUES (3,510,1,2,0,0.0,0.5,-0.5,'NAN',-0.5,0.5,'-INF',-1.0,-1.0);
INSERT INTO "answers" VALUES (3,20,0,1,0,-0.25,0.5,-0.25,0.5,-0.5,0.5,-2.0,-1.0,-2.0);
INSERT INTO "answers" VALUES (3,37,0,0,0,0.0,0.0,0.0,0.0,0.0,0.0,0.0,0.0,0.0);
INSERT INTO "answers" VALUES (3,465,0,1,0,-0.25,0.5,-0.25,0.5,-0.5,0.5,-2.0,-1.0,-2.0);
INSERT INTO "answers" VALUES (3,520,0,1,0,-0.25,0.5,-0.25,0.5,-0.5,0.5,-2.0,-1.0,-2.0);
INSERT INTO "answers" VALUES (3,454,0,1,0,-0.25,0.5,-0.25,0.5,-0.5,0.5,-2.0,-1.0,-2.0);
INSERT INTO "answers" VALUES (3,564,0,1,0,-0.25,0.5,-0.25,0.5,-0.5,0.5,-2.0,-1.0,-2.0);
INSERT INTO "answers" VALUES (3,36,0,0,0,0.0,0.0,0.0,0.0,0.0,0.0,0.0,0.0,0.0);
INSERT INTO "answers" VALUES (3,543,0,1,0,-0.25,0.5,-0.25,0.5,-0.5,0.5,-2.0,-1.0,-2.0);
INSERT INTO "answers" VALUES (3,537,1,0,0,0.5,-0.25,-0.25,-0.5,0.5,0.5,-1.0,-2.0,-2.0);
INSERT INTO "answers" VALUES (3,328,0,2,0,-0.4,0.8,-0.4,0.52877123795494,-0.25754247590989,0.52877123795494,-1.3219280948874,-0.32192809488736,-1.3219280948874);
INSERT INTO "answers" VALUES (3,2,0,0,0,0.0,0.0,0.0,0.0,0.0,0.0,0.0,0.0,0.0);
INSERT INTO "answers" VALUES (3,563,0,1,0,-0.25,0.5,-0.25,0.5,-0.5,0.5,-2.0,-1.0,-2.0);
INSERT INTO "answers" VALUES (3,3,0,1,0,-0.25,0.5,-0.25,0.5,-0.5,0.5,-2.0,-1.0,-2.0);
INSERT INTO "answers" VALUES (9,517,0,1,0,-0.25,0.5,-0.25,0.5,-0.5,0.5,-2.0,-1.0,-2.0);
INSERT INTO "answers" VALUES (9,542,1,0,0,0.5,-0.25,-0.25,-0.5,0.5,0.5,-1.0,-2.0,-2.0);
INSERT INTO "answers" VALUES (9,566,0,1,0,-0.25,0.5,-0.25,0.5,-0.5,0.5,-2.0,-1.0,-2.0);
INSERT INTO "answers" VALUES (9,555,0,1,0,-0.25,0.5,-0.25,0.5,-0.5,0.5,-2.0,-1.0,-2.0);
INSERT INTO "answers" VALUES (9,559,0,1,0,-0.25,0.5,-0.25,0.5,-0.5,0.5,-2.0,-1.0,-2.0);
INSERT INTO "answers" VALUES (9,560,0,1,0,-0.25,0.5,-0.25,0.5,-0.5,0.5,-2.0,-1.0,-2.0);
INSERT INTO "answers" VALUES (9,565,1,0,0,0.5,-0.25,-0.25,-0.5,0.5,0.5,-1.0,-2.0,-2.0);
INSERT INTO "answers" VALUES (9,539,0,1,0,-0.25,0.5,-0.25,0.5,-0.5,0.5,-2.0,-1.0,-2.0);
INSERT INTO "answers" VALUES (9,567,1,0,0,0.5,-0.25,-0.25,-0.5,0.5,0.5,-1.0,-2.0,-2.0);
INSERT INTO "answers" VALUES (9,328,0,1,0,-0.25,0.5,-0.25,0.5,-0.5,0.5,-2.0,-1.0,-2.0);
INSERT INTO "answers" VALUES (9,510,0,1,0,-0.25,0.5,-0.25,0.5,-0.5,0.5,-2.0,-1.0,-2.0);
INSERT INTO "answers" VALUES (9,486,0,1,0,-0.25,0.5,-0.25,0.5,-0.5,0.5,-2.0,-1.0,-2.0);
INSERT INTO "answers" VALUES (9,536,0,1,0,-0.25,0.5,-0.25,0.5,-0.5,0.5,-2.0,-1.0,-2.0);
INSERT INTO "answers" VALUES (9,331,0,1,0,-0.25,0.5,-0.25,0.5,-0.5,0.5,-2.0,-1.0,-2.0);
INSERT INTO "answers" VALUES (9,465,0,1,0,-0.25,0.5,-0.25,0.5,-0.5,0.5,-2.0,-1.0,-2.0);
INSERT INTO "answers" VALUES (9,277,0,1,0,-0.25,0.5,-0.25,0.5,-0.5,0.5,-2.0,-1.0,-2.0);
INSERT INTO "answers" VALUES (9,454,0,1,0,-0.25,0.5,-0.25,0.5,-0.5,0.5,-2.0,-1.0,-2.0);
INSERT INTO "answers" VALUES (9,325,1,0,0,0.5,-0.25,-0.25,-0.5,0.5,0.5,-1.0,-2.0,-2.0);
INSERT INTO "answers" VALUES (9,36,0,0,0,0.0,0.0,0.0,0.0,0.0,0.0,0.0,0.0,0.0);
INSERT INTO "answers" VALUES (9,553,0,1,0,-0.25,0.5,-0.25,0.5,-0.5,0.5,-2.0,-1.0,-2.0);
INSERT INTO "answers" VALUES (9,562,1,0,0,0.5,-0.25,-0.25,-0.5,0.5,0.5,-1.0,-2.0,-2.0);
INSERT INTO "answers" VALUES (9,552,0,1,0,-0.25,0.5,-0.25,0.5,-0.5,0.5,-2.0,-1.0,-2.0);
INSERT INTO "answers" VALUES (9,540,0,1,0,-0.25,0.5,-0.25,0.5,-0.5,0.5,-2.0,-1.0,-2.0);
INSERT INTO "answers" VALUES (9,37,0,0,0,0.0,0.0,0.0,0.0,0.0,0.0,0.0,0.0,0.0);
INSERT INTO "answers" VALUES (9,551,0,1,0,-0.25,0.5,-0.25,0.5,-0.5,0.5,-2.0,-1.0,-2.0);
INSERT INTO "answers" VALUES (9,541,1,0,0,0.5,-0.25,-0.25,-0.5,0.5,0.5,-1.0,-2.0,-2.0);
INSERT INTO "answers" VALUES (9,520,0,1,0,-0.25,0.5,-0.25,0.5,-0.5,0.5,-2.0,-1.0,-2.0);
INSERT INTO "answers" VALUES (9,2,0,0,0,0.0,0.0,0.0,0.0,0.0,0.0,0.0,0.0,0.0);
INSERT INTO "answers" VALUES (9,543,0,1,0,-0.25,0.5,-0.25,0.5,-0.5,0.5,-2.0,-1.0,-2.0);
INSERT INTO "answers" VALUES (9,3,1,0,0,0.5,-0.25,-0.25,-0.5,0.5,0.5,-1.0,-2.0,-2.0);
INSERT INTO "answers" VALUES (9,564,1,0,0,0.5,-0.25,-0.25,-0.5,0.5,0.5,-1.0,-2.0,-2.0);
INSERT INTO "answers" VALUES (9,563,0,1,0,-0.25,0.5,-0.25,0.5,-0.5,0.5,-2.0,-1.0,-2.0);
INSERT INTO "answers" VALUES (8,99,0,1,0,-0.25,0.5,-0.25,0.5,-0.5,0.5,-2.0,-1.0,-2.0);
INSERT INTO "answers" VALUES (8,553,0,4,0,-0.57142857142857,1.1428571428571,-0.57142857142857,0.4613456697472,0.22016580336274,0.4613456697472,-0.8073549220576,0.1926450779424,-0.8073549220576);
INSERT INTO "answers" VALUES (8,552,0,4,0,-0.57142857142857,1.1428571428571,-0.57142857142857,0.4613456697472,0.22016580336274,0.4613456697472,-0.8073549220576,0.1926450779424,-0.8073549220576);
INSERT INTO "answers" VALUES (8,486,0,4,0,-0.57142857142857,1.1428571428571,-0.57142857142857,0.4613456697472,0.22016580336274,0.4613456697472,-0.8073549220576,0.1926450779424,-0.8073549220576);
INSERT INTO "answers" VALUES (8,300,0,1,0,-0.25,0.5,-0.25,0.5,-0.5,0.5,-2.0,-1.0,-2.0);
INSERT INTO "answers" VALUES (8,36,0,0,0,0.0,0.0,0.0,0.0,0.0,0.0,0.0,0.0,0.0);
INSERT INTO "answers" VALUES (8,541,0,4,0,-0.57142857142857,1.1428571428571,-0.57142857142857,0.4613456697472,0.22016580336274,0.4613456697472,-0.8073549220576,0.1926450779424,-0.8073549220576);
INSERT INTO "answers" VALUES (8,537,3,0,0,1.0,-0.5,-0.5,0.0,0.5,0.5,0.0,-1.0,-1.0);
INSERT INTO "answers" VALUES (8,37,0,0,0,0.0,0.0,0.0,0.0,0.0,0.0,0.0,0.0,0.0);
INSERT INTO "answers" VALUES (8,465,0,3,0,-0.5,1.0,-0.5,0.5,0.0,0.5,-1.0,0.0,-1.0);
INSERT INTO "answers" VALUES (8,564,0,3,0,-0.5,1.0,-0.5,0.5,0.0,0.5,-1.0,0.0,-1.0);
INSERT INTO "answers" VALUES (8,2,0,0,0,0.0,0.0,0.0,0.0,0.0,0.0,0.0,0.0,0.0);
INSERT INTO "answers" VALUES (8,563,0,3,0,-0.5,1.0,-0.5,0.5,0.0,0.5,-1.0,0.0,-1.0);
INSERT INTO "answers" VALUES (8,520,0,3,0,-0.5,1.0,-0.5,0.5,0.0,0.5,-1.0,0.0,-1.0);
INSERT INTO "answers" VALUES (8,543,0,4,0,-0.57142857142857,1.1428571428571,-0.57142857142857,0.4613456697472,0.22016580336274,0.4613456697472,-0.8073549220576,0.1926450779424,-0.8073549220576);
INSERT INTO "answers" VALUES (8,327,1,0,0,0.5,-0.25,-0.25,-0.5,0.5,0.5,-1.0,-2.0,-2.0);
INSERT INTO "answers" VALUES (8,315,0,1,0,-0.25,0.5,-0.25,0.5,-0.5,0.5,-2.0,-1.0,-2.0);
INSERT INTO "answers" VALUES (8,293,0,1,0,-0.25,0.5,-0.25,0.5,-0.5,0.5,-2.0,-1.0,-2.0);
INSERT INTO "answers" VALUES (8,454,1,0,0,0.5,-0.25,-0.25,-0.5,0.5,0.5,-1.0,-2.0,-2.0);
INSERT INTO "answers" VALUES (8,116,0,1,0,-0.25,0.5,-0.25,0.5,-0.5,0.5,-2.0,-1.0,-2.0);
INSERT INTO "answers" VALUES (8,398,0,1,0,-0.25,0.5,-0.25,0.5,-0.5,0.5,-2.0,-1.0,-2.0);
INSERT INTO "answers" VALUES (8,329,0,1,0,-0.25,0.5,-0.25,0.5,-0.5,0.5,-2.0,-1.0,-2.0);
INSERT INTO "answers" VALUES (8,302,0,1,0,-0.25,0.5,-0.25,0.5,-0.5,0.5,-2.0,-1.0,-2.0);
INSERT INTO "answers" VALUES (8,184,0,1,0,-0.25,0.5,-0.25,0.5,-0.5,0.5,-2.0,-1.0,-2.0);
INSERT INTO "answers" VALUES (8,377,0,1,0,-0.25,0.5,-0.25,0.5,-0.5,0.5,-2.0,-1.0,-2.0);
INSERT INTO "answers" VALUES (8,25,0,1,0,-0.25,0.5,-0.25,0.5,-0.5,0.5,-2.0,-1.0,-2.0);
INSERT INTO "answers" VALUES (8,348,0,1,0,-0.25,0.5,-0.25,0.5,-0.5,0.5,-2.0,-1.0,-2.0);
INSERT INTO "answers" VALUES (8,450,0,1,0,-0.25,0.5,-0.25,0.5,-0.5,0.5,-2.0,-1.0,-2.0);
INSERT INTO "answers" VALUES (8,538,0,1,0,-0.25,0.5,-0.25,0.5,-0.5,0.5,-2.0,-1.0,-2.0);
INSERT INTO "answers" VALUES (8,227,0,1,0,-0.25,0.5,-0.25,0.5,-0.5,0.5,-2.0,-1.0,-2.0);
INSERT INTO "answers" VALUES (8,513,0,1,0,-0.25,0.5,-0.25,0.5,-0.5,0.5,-2.0,-1.0,-2.0);
INSERT INTO "answers" VALUES (8,27,0,1,0,-0.25,0.5,-0.25,0.5,-0.5,0.5,-2.0,-1.0,-2.0);
INSERT INTO "answers" VALUES (8,51,0,1,0,-0.25,0.5,-0.25,0.5,-0.5,0.5,-2.0,-1.0,-2.0);
INSERT INTO "answers" VALUES (8,464,0,1,0,-0.25,0.5,-0.25,0.5,-0.5,0.5,-2.0,-1.0,-2.0);
INSERT INTO "answers" VALUES (8,267,0,1,0,-0.25,0.5,-0.25,0.5,-0.5,0.5,-2.0,-1.0,-2.0);
INSERT INTO "answers" VALUES (8,35,0,0,0,0.0,0.0,0.0,0.0,0.0,0.0,0.0,0.0,0.0);
INSERT INTO "answers" VALUES (8,333,0,1,0,-0.25,0.5,-0.25,0.5,-0.5,0.5,-2.0,-1.0,-2.0);
INSERT INTO "answers" VALUES (8,245,1,0,0,0.5,-0.25,-0.25,-0.5,0.5,0.5,-1.0,-2.0,-2.0);
INSERT INTO "answers" VALUES (8,335,0,1,0,-0.25,0.5,-0.25,0.5,-0.5,0.5,-2.0,-1.0,-2.0);
INSERT INTO "answers" VALUES (8,1,0,0,0,0.0,0.0,0.0,0.0,0.0,0.0,0.0,0.0,0.0);
INSERT INTO "answers" VALUES (1,186,0,1,0,-0.25,0.5,-0.25,0.5,-0.5,0.5,-2.0,-1.0,-2.0);
INSERT INTO "answers" VALUES (1,455,0,1,0,-0.25,0.5,-0.25,0.5,-0.5,0.5,-2.0,-1.0,-2.0);
INSERT INTO "answers" VALUES (1,396,0,1,0,-0.25,0.5,-0.25,0.5,-0.5,0.5,-2.0,-1.0,-2.0);
INSERT INTO "answers" VALUES (1,328,0,1,0,-0.25,0.5,-0.25,0.5,-0.5,0.5,-2.0,-1.0,-2.0);
INSERT INTO "answers" VALUES (1,39,0,0,0,0.0,0.0,0.0,0.0,0.0,0.0,0.0,0.0,0.0);
INSERT INTO "answers" VALUES (1,510,0,1,0,-0.25,0.5,-0.25,0.5,-0.5,0.5,-2.0,-1.0,-2.0);
INSERT INTO "answers" VALUES (1,459,0,1,0,-0.25,0.5,-0.25,0.5,-0.5,0.5,-2.0,-1.0,-2.0);
INSERT INTO "answers" VALUES (1,42,0,1,0,-0.25,0.5,-0.25,0.5,-0.5,0.5,-2.0,-1.0,-2.0);
INSERT INTO "answers" VALUES (1,312,0,1,0,-0.25,0.5,-0.25,0.5,-0.5,0.5,-2.0,-1.0,-2.0);
INSERT INTO "answers" VALUES (1,37,0,0,0,0.0,0.0,0.0,0.0,0.0,0.0,0.0,0.0,0.0);
INSERT INTO "answers" VALUES (1,448,1,0,0,0.5,-0.25,-0.25,-0.5,0.5,0.5,-1.0,-2.0,-2.0);
INSERT INTO "answers" VALUES (1,50,0,1,0,-0.25,0.5,-0.25,0.5,-0.5,0.5,-2.0,-1.0,-2.0);
INSERT INTO "answers" VALUES (1,122,0,1,0,-0.25,0.5,-0.25,0.5,-0.5,0.5,-2.0,-1.0,-2.0);
INSERT INTO "answers" VALUES (1,36,0,0,0,0.0,0.0,0.0,0.0,0.0,0.0,0.0,0.0,0.0);
INSERT INTO "answers" VALUES (1,235,0,1,0,-0.25,0.5,-0.25,0.5,-0.5,0.5,-2.0,-1.0,-2.0);
INSERT INTO "answers" VALUES (1,322,1,0,0,0.5,-0.25,-0.25,-0.5,0.5,0.5,-1.0,-2.0,-2.0);
INSERT INTO "answers" VALUES (1,319,0,1,0,-0.25,0.5,-0.25,0.5,-0.5,0.5,-2.0,-1.0,-2.0);
INSERT INTO "answers" VALUES (1,2,0,0,0,0.0,0.0,0.0,0.0,0.0,0.0,0.0,0.0,0.0);
INSERT INTO "answers" VALUES (1,452,0,1,0,-0.25,0.5,-0.25,0.5,-0.5,0.5,-2.0,-1.0,-2.0);
INSERT INTO "answers" VALUES (1,215,0,1,0,-0.25,0.5,-0.25,0.5,-0.5,0.5,-2.0,-1.0,-2.0);
INSERT INTO "answers" VALUES (1,145,0,1,0,-0.25,0.5,-0.25,0.5,-0.5,0.5,-2.0,-1.0,-2.0);
INSERT INTO "answers" VALUES (1,38,0,0,0,0.0,0.0,0.0,0.0,0.0,0.0,0.0,0.0,0.0);
INSERT INTO "answers" VALUES (1,60,0,1,0,-0.25,0.5,-0.25,0.5,-0.5,0.5,-2.0,-1.0,-2.0);
INSERT INTO "answers" VALUES (1,118,0,1,0,-0.25,0.5,-0.25,0.5,-0.5,0.5,-2.0,-1.0,-2.0);
INSERT INTO "answers" VALUES (1,3,0,0,0,0.0,0.0,0.0,0.0,0.0,0.0,0.0,0.0,0.0);
INSERT INTO "answers" VALUES (2,48,0,1,0,-0.25,0.5,-0.25,0.5,-0.5,0.5,-2.0,-1.0,-2.0);
INSERT INTO "answers" VALUES (2,529,0,2,0,-0.4,0.8,-0.4,0.52877123795494,-0.25754247590989,0.52877123795494,-1.3219280948874,-0.32192809488736,-1.3219280948874);
INSERT INTO "answers" VALUES (2,497,0,1,0,-0.25,0.5,-0.25,0.5,-0.5,0.5,-2.0,-1.0,-2.0);
INSERT INTO "answers" VALUES (2,384,0,3,0,-0.5,1.0,-0.5,0.5,0.0,0.5,-1.0,0.0,-1.0);
INSERT INTO "answers" VALUES (2,39,0,0,0,0.0,0.0,0.0,0.0,0.0,0.0,0.0,0.0,0.0);
INSERT INTO "answers" VALUES (2,346,2,0,0,0.8,-0.4,-0.4,-0.25754247590989,0.52877123795494,0.52877123795494,-0.32192809488736,-1.3219280948874,-1.3219280948874);
INSERT INTO "answers" VALUES (2,174,0,3,0,-0.5,1.0,-0.5,0.5,0.0,0.5,-1.0,0.0,-1.0);
INSERT INTO "answers" VALUES (2,121,0,2,0,-0.4,0.8,-0.4,0.52877123795494,-0.25754247590989,0.52877123795494,-1.3219280948874,-0.32192809488736,-1.3219280948874);
INSERT INTO "answers" VALUES (2,401,1,0,0,0.5,-0.25,-0.25,-0.5,0.5,0.5,-1.0,-2.0,-2.0);
INSERT INTO "answers" VALUES (2,312,0,1,0,-0.25,0.5,-0.25,0.5,-0.5,0.5,-2.0,-1.0,-2.0);
INSERT INTO "answers" VALUES (2,237,0,2,0,-0.4,0.8,-0.4,0.52877123795494,-0.25754247590989,0.52877123795494,-1.3219280948874,-0.32192809488736,-1.3219280948874);
INSERT INTO "answers" VALUES (2,60,0,2,0,-0.4,0.8,-0.4,0.52877123795494,-0.25754247590989,0.52877123795494,-1.3219280948874,-0.32192809488736,-1.3219280948874);
INSERT INTO "answers" VALUES (2,361,0,2,0,-0.4,0.8,-0.4,0.52877123795494,-0.25754247590989,0.52877123795494,-1.3219280948874,-0.32192809488736,-1.3219280948874);
INSERT INTO "answers" VALUES (2,186,0,5,0,-0.625,1.25,-0.625,0.4237949406954,0.4024101186092,0.4237949406954,-0.67807190511264,0.32192809488736,-0.67807190511264);
INSERT INTO "answers" VALUES (2,235,0,2,0,-0.4,0.8,-0.4,0.52877123795494,-0.25754247590989,0.52877123795494,-1.3219280948874,-0.32192809488736,-1.3219280948874);
INSERT INTO "answers" VALUES (2,38,0,0,0,0.0,0.0,0.0,0.0,0.0,0.0,0.0,0.0,0.0);
INSERT INTO "answers" VALUES (2,280,0,1,0,-0.25,0.5,-0.25,0.5,-0.5,0.5,-2.0,-1.0,-2.0);
INSERT INTO "answers" VALUES (2,511,0,2,0,-0.4,0.8,-0.4,0.52877123795494,-0.25754247590989,0.52877123795494,-1.3219280948874,-0.32192809488736,-1.3219280948874);
INSERT INTO "answers" VALUES (2,393,0,1,0,-0.25,0.5,-0.25,0.5,-0.5,0.5,-2.0,-1.0,-2.0);
INSERT INTO "answers" VALUES (2,260,0,1,0,-0.25,0.5,-0.25,0.5,-0.5,0.5,-2.0,-1.0,-2.0);
INSERT INTO "answers" VALUES (3,72,1,0,0,0.5,-0.25,-0.25,-0.5,0.5,0.5,-1.0,-2.0,-2.0);
INSERT INTO "answers" VALUES (3,479,0,1,0,-0.25,0.5,-0.25,0.5,-0.5,0.5,-2.0,-1.0,-2.0);
INSERT INTO "answers" VALUES (3,350,0,1,0,-0.25,0.5,-0.25,0.5,-0.5,0.5,-2.0,-1.0,-2.0);
INSERT INTO "answers" VALUES (3,28,0,1,0,-0.25,0.5,-0.25,0.5,-0.5,0.5,-2.0,-1.0,-2.0);
INSERT INTO "answers" VALUES (3,304,0,0,1,-0.25,-0.25,0.5,0.5,0.5,-0.5,-2.0,-2.0,-1.0);
INSERT INTO "answers" VALUES (3,424,0,1,0,-0.25,0.5,-0.25,0.5,-0.5,0.5,-2.0,-1.0,-2.0);
INSERT INTO "answers" VALUES (3,178,0,1,0,-0.25,0.5,-0.25,0.5,-0.5,0.5,-2.0,-1.0,-2.0);
INSERT INTO "answers" VALUES (3,39,0,0,0,0.0,0.0,0.0,0.0,0.0,0.0,0.0,0.0,0.0);
INSERT INTO "answers" VALUES (3,100,0,1,0,-0.25,0.5,-0.25,0.5,-0.5,0.5,-2.0,-1.0,-2.0);
INSERT INTO "answers" VALUES (3,379,0,1,0,-0.25,0.5,-0.25,0.5,-0.5,0.5,-2.0,-1.0,-2.0);
INSERT INTO "answers" VALUES (3,252,0,1,0,-0.25,0.5,-0.25,0.5,-0.5,0.5,-2.0,-1.0,-2.0);
INSERT INTO "answers" VALUES (3,21,0,1,0,-0.25,0.5,-0.25,0.5,-0.5,0.5,-2.0,-1.0,-2.0);
INSERT INTO "answers" VALUES (3,314,0,1,0,-0.25,0.5,-0.25,0.5,-0.5,0.5,-2.0,-1.0,-2.0);
INSERT INTO "answers" VALUES (3,512,0,1,0,-0.25,0.5,-0.25,0.5,-0.5,0.5,-2.0,-1.0,-2.0);
INSERT INTO "answers" VALUES (3,235,0,1,0,-0.25,0.5,-0.25,0.5,-0.5,0.5,-2.0,-1.0,-2.0);
INSERT INTO "answers" VALUES (3,53,0,1,0,-0.25,0.5,-0.25,0.5,-0.5,0.5,-2.0,-1.0,-2.0);
INSERT INTO "answers" VALUES (3,209,1,0,0,0.5,-0.25,-0.25,-0.5,0.5,0.5,-1.0,-2.0,-2.0);
INSERT INTO "answers" VALUES (3,239,0,1,0,-0.25,0.5,-0.25,0.5,-0.5,0.5,-2.0,-1.0,-2.0);
INSERT INTO "answers" VALUES (3,116,1,0,0,0.5,-0.25,-0.25,-0.5,0.5,0.5,-1.0,-2.0,-2.0);
INSERT INTO "answers" VALUES (3,35,0,0,0,0.0,0.0,0.0,0.0,0.0,0.0,0.0,0.0,0.0);
INSERT INTO "answers" VALUES (3,329,0,1,0,-0.25,0.5,-0.25,0.5,-0.5,0.5,-2.0,-1.0,-2.0);
INSERT INTO "answers" VALUES (3,369,0,0,1,-0.25,-0.25,0.5,0.5,0.5,-0.5,-2.0,-2.0,-1.0);
INSERT INTO "answers" VALUES (3,488,1,0,0,0.5,-0.25,-0.25,-0.5,0.5,0.5,-1.0,-2.0,-2.0);
INSERT INTO "answers" VALUES (3,38,0,0,0,0.0,0.0,0.0,0.0,0.0,0.0,0.0,0.0,0.0);
INSERT INTO "answers" VALUES (3,207,0,1,0,-0.25,0.5,-0.25,0.5,-0.5,0.5,-2.0,-1.0,-2.0);
INSERT INTO "answers" VALUES (3,280,0,1,0,-0.25,0.5,-0.25,0.5,-0.5,0.5,-2.0,-1.0,-2.0);
INSERT INTO "answers" VALUES (3,316,0,1,0,-0.25,0.5,-0.25,0.5,-0.5,0.5,-2.0,-1.0,-2.0);
INSERT INTO "answers" VALUES (3,140,0,1,0,-0.25,0.5,-0.25,0.5,-0.5,0.5,-2.0,-1.0,-2.0);
INSERT INTO "answers" VALUES (3,509,0,1,0,-0.25,0.5,-0.25,0.5,-0.5,0.5,-2.0,-1.0,-2.0);
INSERT INTO "answers" VALUES (3,455,0,1,0,-0.25,0.5,-0.25,0.5,-0.5,0.5,-2.0,-1.0,-2.0);
INSERT INTO "answers" VALUES (10,507,1,0,0,0.5,-0.25,-0.25,-0.5,0.5,0.5,-1.0,-2.0,-2.0);
INSERT INTO "answers" VALUES (10,505,1,0,0,0.5,-0.25,-0.25,-0.5,0.5,0.5,-1.0,-2.0,-2.0);
INSERT INTO "answers" VALUES (10,455,0,1,0,-0.25,0.5,-0.25,0.5,-0.5,0.5,-2.0,-1.0,-2.0);
INSERT INTO "answers" VALUES (10,311,1,0,0,0.5,-0.25,-0.25,-0.5,0.5,0.5,-1.0,-2.0,-2.0);
INSERT INTO "answers" VALUES (10,188,1,0,0,0.5,-0.25,-0.25,-0.5,0.5,0.5,-1.0,-2.0,-2.0);
INSERT INTO "answers" VALUES (10,30,0,1,0,-0.25,0.5,-0.25,0.5,-0.5,0.5,-2.0,-1.0,-2.0);
INSERT INTO "answers" VALUES (10,367,0,1,0,-0.25,0.5,-0.25,0.5,-0.5,0.5,-2.0,-1.0,-2.0);
INSERT INTO "answers" VALUES (10,315,0,1,0,-0.25,0.5,-0.25,0.5,-0.5,0.5,-2.0,-1.0,-2.0);
INSERT INTO "answers" VALUES (10,71,0,1,0,-0.25,0.5,-0.25,0.5,-0.5,0.5,-2.0,-1.0,-2.0);
INSERT INTO "answers" VALUES (10,172,0,1,0,-0.25,0.5,-0.25,0.5,-0.5,0.5,-2.0,-1.0,-2.0);
INSERT INTO "answers" VALUES (10,77,0,1,0,-0.25,0.5,-0.25,0.5,-0.5,0.5,-2.0,-1.0,-2.0);
INSERT INTO "answers" VALUES (10,489,0,1,0,-0.25,0.5,-0.25,0.5,-0.5,0.5,-2.0,-1.0,-2.0);
INSERT INTO "answers" VALUES (10,566,1,0,0,0.5,-0.25,-0.25,-0.5,0.5,0.5,-1.0,-2.0,-2.0);
INSERT INTO "answers" VALUES (10,366,1,0,0,0.5,-0.25,-0.25,-0.5,0.5,0.5,-1.0,-2.0,-2.0);
INSERT INTO "answers" VALUES (10,10,1,0,0,0.5,-0.25,-0.25,-0.5,0.5,0.5,-1.0,-2.0,-2.0);
INSERT INTO "answers" VALUES (10,409,0,1,0,-0.25,0.5,-0.25,0.5,-0.5,0.5,-2.0,-1.0,-2.0);
INSERT INTO "answers" VALUES (10,520,0,1,0,-0.25,0.5,-0.25,0.5,-0.5,0.5,-2.0,-1.0,-2.0);
INSERT INTO "answers" VALUES (10,19,1,0,0,0.5,-0.25,-0.25,-0.5,0.5,0.5,-1.0,-2.0,-2.0);
INSERT INTO "answers" VALUES (10,39,0,0,0,0.0,0.0,0.0,0.0,0.0,0.0,0.0,0.0,0.0);
INSERT INTO "answers" VALUES (11,559,1,0,0,0.5,-0.25,-0.25,-0.5,0.5,0.5,-1.0,-2.0,-2.0);
INSERT INTO "answers" VALUES (11,300,1,0,0,0.5,-0.25,-0.25,-0.5,0.5,0.5,-1.0,-2.0,-2.0);
INSERT INTO "answers" VALUES (11,139,1,0,0,0.5,-0.25,-0.25,-0.5,0.5,0.5,-1.0,-2.0,-2.0);
INSERT INTO "answers" VALUES (11,511,1,0,0,0.5,-0.25,-0.25,-0.5,0.5,0.5,-1.0,-2.0,-2.0);
INSERT INTO "answers" VALUES (11,501,0,1,0,-0.25,0.5,-0.25,0.5,-0.5,0.5,-2.0,-1.0,-2.0);
INSERT INTO "answers" VALUES (11,223,0,1,0,-0.25,0.5,-0.25,0.5,-0.5,0.5,-2.0,-1.0,-2.0);
INSERT INTO "answers" VALUES (11,281,0,1,0,-0.25,0.5,-0.25,0.5,-0.5,0.5,-2.0,-1.0,-2.0);
INSERT INTO "answers" VALUES (11,495,1,0,0,0.5,-0.25,-0.25,-0.5,0.5,0.5,-1.0,-2.0,-2.0);
INSERT INTO "answers" VALUES (11,215,1,0,0,0.5,-0.25,-0.25,-0.5,0.5,0.5,-1.0,-2.0,-2.0);
INSERT INTO "answers" VALUES (11,308,1,0,0,0.5,-0.25,-0.25,-0.5,0.5,0.5,-1.0,-2.0,-2.0);
INSERT INTO "answers" VALUES (11,319,0,1,0,-0.25,0.5,-0.25,0.5,-0.5,0.5,-2.0,-1.0,-2.0);
INSERT INTO "answers" VALUES (11,323,0,1,0,-0.25,0.5,-0.25,0.5,-0.5,0.5,-2.0,-1.0,-2.0);
INSERT INTO "answers" VALUES (11,363,1,0,0,0.5,-0.25,-0.25,-0.5,0.5,0.5,-1.0,-2.0,-2.0);
INSERT INTO "answers" VALUES (11,401,1,0,0,0.5,-0.25,-0.25,-0.5,0.5,0.5,-1.0,-2.0,-2.0);
INSERT INTO "answers" VALUES (11,488,1,0,0,0.5,-0.25,-0.25,-0.5,0.5,0.5,-1.0,-2.0,-2.0);
INSERT INTO "answers" VALUES (11,551,0,1,0,-0.25,0.5,-0.25,0.5,-0.5,0.5,-2.0,-1.0,-2.0);
INSERT INTO "answers" VALUES (11,286,0,1,0,-0.25,0.5,-0.25,0.5,-0.5,0.5,-2.0,-1.0,-2.0);
INSERT INTO "answers" VALUES (11,454,0,1,0,-0.25,0.5,-0.25,0.5,-0.5,0.5,-2.0,-1.0,-2.0);
INSERT INTO "answers" VALUES (11,37,0,0,0,0.0,0.0,0.0,0.0,0.0,0.0,0.0,0.0,0.0);
INSERT INTO "answers" VALUES (11,199,0,1,0,-0.25,0.5,-0.25,0.5,-0.5,0.5,-2.0,-1.0,-2.0);
INSERT INTO "answers" VALUES (11,565,0,1,0,-0.25,0.5,-0.25,0.5,-0.5,0.5,-2.0,-1.0,-2.0);
INSERT INTO "answers" VALUES (11,496,1,0,0,0.5,-0.25,-0.25,-0.5,0.5,0.5,-1.0,-2.0,-2.0);
INSERT INTO "answers" VALUES (11,316,0,1,0,-0.25,0.5,-0.25,0.5,-0.5,0.5,-2.0,-1.0,-2.0);
INSERT INTO "answers" VALUES (11,38,0,0,0,0.0,0.0,0.0,0.0,0.0,0.0,0.0,0.0,0.0);
INSERT INTO "answers" VALUES (11,15,0,1,0,-0.25,0.5,-0.25,0.5,-0.5,0.5,-2.0,-1.0,-2.0);
INSERT INTO "answers" VALUES (11,378,1,0,0,0.5,-0.25,-0.25,-0.5,0.5,0.5,-1.0,-2.0,-2.0);
INSERT INTO "answers" VALUES (11,534,0,1,0,-0.25,0.5,-0.25,0.5,-0.5,0.5,-2.0,-1.0,-2.0);
INSERT INTO "answers" VALUES (11,36,0,0,0,0.0,0.0,0.0,0.0,0.0,0.0,0.0,0.0,0.0);
INSERT INTO "answers" VALUES (11,396,0,1,0,-0.25,0.5,-0.25,0.5,-0.5,0.5,-2.0,-1.0,-2.0);
INSERT INTO "answers" VALUES (11,398,0,1,0,-0.25,0.5,-0.25,0.5,-0.5,0.5,-2.0,-1.0,-2.0);
INSERT INTO "answers" VALUES (11,334,0,1,0,-0.25,0.5,-0.25,0.5,-0.5,0.5,-2.0,-1.0,-2.0);
INSERT INTO "answers" VALUES (11,39,0,0,0,0.0,0.0,0.0,0.0,0.0,0.0,0.0,0.0,0.0);
INSERT INTO "answers" VALUES (11,567,0,1,0,-0.25,0.5,-0.25,0.5,-0.5,0.5,-2.0,-1.0,-2.0);
INSERT INTO "answers" VALUES (11,520,0,1,0,-0.25,0.5,-0.25,0.5,-0.5,0.5,-2.0,-1.0,-2.0);
INSERT INTO "answers" VALUES (11,306,0,1,0,-0.25,0.5,-0.25,0.5,-0.5,0.5,-2.0,-1.0,-2.0);
INSERT INTO "answers" VALUES (11,2,0,0,0,0.0,0.0,0.0,0.0,0.0,0.0,0.0,0.0,0.0);
INSERT INTO "answers" VALUES (11,356,1,0,0,0.5,-0.25,-0.25,-0.5,0.5,0.5,-1.0,-2.0,-2.0);
INSERT INTO "answers" VALUES (11,256,0,1,0,-0.25,0.5,-0.25,0.5,-0.5,0.5,-2.0,-1.0,-2.0);
INSERT INTO "answers" VALUES (11,330,0,1,0,-0.25,0.5,-0.25,0.5,-0.5,0.5,-2.0,-1.0,-2.0);
INSERT INTO "answers" VALUES (11,35,0,0,0,0.0,0.0,0.0,0.0,0.0,0.0,0.0,0.0,0.0);
INSERT INTO "answers" VALUES (2,348,1,0,0,0.5,-0.25,-0.25,-0.5,0.5,0.5,-1.0,-2.0,-2.0);
INSERT INTO "answers" VALUES (2,368,0,2,0,-0.4,0.8,-0.4,0.52877123795494,-0.25754247590989,0.52877123795494,-1.3219280948874,-0.32192809488736,-1.3219280948874);
INSERT INTO "answers" VALUES (2,209,0,1,0,-0.25,0.5,-0.25,0.5,-0.5,0.5,-2.0,-1.0,-2.0);
INSERT INTO "answers" VALUES (2,118,0,1,0,-0.25,0.5,-0.25,0.5,-0.5,0.5,-2.0,-1.0,-2.0);
INSERT INTO "answers" VALUES (2,424,0,2,0,-0.4,0.8,-0.4,0.52877123795494,-0.25754247590989,0.52877123795494,-1.3219280948874,-0.32192809488736,-1.3219280948874);
INSERT INTO "answers" VALUES (2,147,1,0,0,0.5,-0.25,-0.25,-0.5,0.5,0.5,-1.0,-2.0,-2.0);
INSERT INTO "answers" VALUES (2,10,1,0,0,0.5,-0.25,-0.25,-0.5,0.5,0.5,-1.0,-2.0,-2.0);
INSERT INTO "answers" VALUES (2,179,0,2,0,-0.4,0.8,-0.4,0.52877123795494,-0.25754247590989,0.52877123795494,-1.3219280948874,-0.32192809488736,-1.3219280948874);
INSERT INTO "answers" VALUES (2,259,0,2,0,-0.4,0.8,-0.4,0.52877123795494,-0.25754247590989,0.52877123795494,-1.3219280948874,-0.32192809488736,-1.3219280948874);
INSERT INTO "answers" VALUES (2,184,0,2,0,-0.4,0.8,-0.4,0.52877123795494,-0.25754247590989,0.52877123795494,-1.3219280948874,-0.32192809488736,-1.3219280948874);
INSERT INTO "answers" VALUES (2,172,0,1,0,-0.25,0.5,-0.25,0.5,-0.5,0.5,-2.0,-1.0,-2.0);
INSERT INTO "answers" VALUES (2,176,0,1,0,-0.25,0.5,-0.25,0.5,-0.5,0.5,-2.0,-1.0,-2.0);
INSERT INTO "answers" VALUES (2,87,0,2,0,-0.4,0.8,-0.4,0.52877123795494,-0.25754247590989,0.52877123795494,-1.3219280948874,-0.32192809488736,-1.3219280948874);
INSERT INTO "answers" VALUES (2,382,0,2,0,-0.4,0.8,-0.4,0.52877123795494,-0.25754247590989,0.52877123795494,-1.3219280948874,-0.32192809488736,-1.3219280948874);
INSERT INTO "answers" VALUES (2,255,0,1,0,-0.25,0.5,-0.25,0.5,-0.5,0.5,-2.0,-1.0,-2.0);
INSERT INTO "answers" VALUES (2,455,0,1,0,-0.25,0.5,-0.25,0.5,-0.5,0.5,-2.0,-1.0,-2.0);
INSERT INTO "answers" VALUES (2,17,0,2,0,-0.4,0.8,-0.4,0.52877123795494,-0.25754247590989,0.52877123795494,-1.3219280948874,-0.32192809488736,-1.3219280948874);
INSERT INTO "answers" VALUES (2,518,0,1,0,-0.25,0.5,-0.25,0.5,-0.5,0.5,-2.0,-1.0,-2.0);
INSERT INTO "answers" VALUES (2,240,0,2,0,-0.4,0.8,-0.4,0.52877123795494,-0.25754247590989,0.52877123795494,-1.3219280948874,-0.32192809488736,-1.3219280948874);
INSERT INTO "answers" VALUES (2,304,0,1,0,-0.25,0.5,-0.25,0.5,-0.5,0.5,-2.0,-1.0,-2.0);
INSERT INTO "answers" VALUES (2,146,0,2,0,-0.4,0.8,-0.4,0.52877123795494,-0.25754247590989,0.52877123795494,-1.3219280948874,-0.32192809488736,-1.3219280948874);
INSERT INTO "answers" VALUES (2,168,1,0,0,0.5,-0.25,-0.25,-0.5,0.5,0.5,-1.0,-2.0,-2.0);
INSERT INTO "answers" VALUES (2,254,0,1,0,-0.25,0.5,-0.25,0.5,-0.5,0.5,-2.0,-1.0,-2.0);
INSERT INTO "answers" VALUES (2,100,0,2,0,-0.4,0.8,-0.4,0.52877123795494,-0.25754247590989,0.52877123795494,-1.3219280948874,-0.32192809488736,-1.3219280948874);
INSERT INTO "answers" VALUES (2,99,0,1,0,-0.25,0.5,-0.25,0.5,-0.5,0.5,-2.0,-1.0,-2.0);
INSERT INTO "answers" VALUES (2,227,0,2,0,-0.4,0.8,-0.4,0.52877123795494,-0.25754247590989,0.52877123795494,-1.3219280948874,-0.32192809488736,-1.3219280948874);
INSERT INTO "answers" VALUES (2,390,0,1,0,-0.25,0.5,-0.25,0.5,-0.5,0.5,-2.0,-1.0,-2.0);
INSERT INTO "answers" VALUES (2,358,1,0,0,0.5,-0.25,-0.25,-0.5,0.5,0.5,-1.0,-2.0,-2.0);
INSERT INTO "answers" VALUES (2,478,0,2,0,-0.4,0.8,-0.4,0.52877123795494,-0.25754247590989,0.52877123795494,-1.3219280948874,-0.32192809488736,-1.3219280948874);
INSERT INTO "answers" VALUES (2,8,0,0,0,0.0,0.0,0.0,0.0,0.0,0.0,0.0,0.0,0.0);
INSERT INTO "answers" VALUES (2,75,2,0,0,0.8,-0.4,-0.4,-0.25754247590989,0.52877123795494,0.52877123795494,-0.32192809488736,-1.3219280948874,-1.3219280948874);
INSERT INTO "answers" VALUES (2,120,0,2,0,-0.4,0.8,-0.4,0.52877123795494,-0.25754247590989,0.52877123795494,-1.3219280948874,-0.32192809488736,-1.3219280948874);
INSERT INTO "answers" VALUES (2,374,0,2,0,-0.4,0.8,-0.4,0.52877123795494,-0.25754247590989,0.52877123795494,-1.3219280948874,-0.32192809488736,-1.3219280948874);
INSERT INTO "answers" VALUES (2,116,0,1,0,-0.25,0.5,-0.25,0.5,-0.5,0.5,-2.0,-1.0,-2.0);
INSERT INTO "answers" VALUES (2,6,0,0,0,0.0,0.0,0.0,0.0,0.0,0.0,0.0,0.0,0.0);
INSERT INTO "answers" VALUES (2,51,0,1,0,-0.25,0.5,-0.25,0.5,-0.5,0.5,-2.0,-1.0,-2.0);
INSERT INTO "answers" VALUES (2,231,0,1,0,-0.25,0.5,-0.25,0.5,-0.5,0.5,-2.0,-1.0,-2.0);
INSERT INTO "answers" VALUES (2,5,0,0,0,0.0,0.0,0.0,0.0,0.0,0.0,0.0,0.0,0.0);
INSERT INTO "answers" VALUES (2,94,0,1,0,-0.25,0.5,-0.25,0.5,-0.5,0.5,-2.0,-1.0,-2.0);
INSERT INTO "answers" VALUES (2,534,2,0,0,0.8,-0.4,-0.4,-0.25754247590989,0.52877123795494,0.52877123795494,-0.32192809488736,-1.3219280948874,-1.3219280948874);
INSERT INTO "answers" VALUES (2,454,0,1,0,-0.25,0.5,-0.25,0.5,-0.5,0.5,-2.0,-1.0,-2.0);
INSERT INTO "answers" VALUES (2,4,0,0,0,0.0,0.0,0.0,0.0,0.0,0.0,0.0,0.0,0.0);
INSERT INTO "answers" VALUES (2,232,0,1,0,-0.25,0.5,-0.25,0.5,-0.5,0.5,-2.0,-1.0,-2.0);
INSERT INTO "answers" VALUES (2,15,2,0,0,0.8,-0.4,-0.4,-0.25754247590989,0.52877123795494,0.52877123795494,-0.32192809488736,-1.3219280948874,-1.3219280948874);
INSERT INTO "answers" VALUES (2,356,0,2,0,-0.4,0.8,-0.4,0.52877123795494,-0.25754247590989,0.52877123795494,-1.3219280948874,-0.32192809488736,-1.3219280948874);
INSERT INTO "answers" VALUES (2,9,0,1,0,-0.25,0.5,-0.25,0.5,-0.5,0.5,-2.0,-1.0,-2.0);
INSERT INTO "answers" VALUES (2,26,0,2,0,-0.4,0.8,-0.4,0.52877123795494,-0.25754247590989,0.52877123795494,-1.3219280948874,-0.32192809488736,-1.3219280948874);
INSERT INTO "answers" VALUES (2,538,0,2,0,-0.4,0.8,-0.4,0.52877123795494,-0.25754247590989,0.52877123795494,-1.3219280948874,-0.32192809488736,-1.3219280948874);
INSERT INTO "answers" VALUES (2,311,0,1,0,-0.25,0.5,-0.25,0.5,-0.5,0.5,-2.0,-1.0,-2.0);
INSERT INTO "answers" VALUES (2,137,1,0,0,0.5,-0.25,-0.25,-0.5,0.5,0.5,-1.0,-2.0,-2.0);
INSERT INTO "answers" VALUES (2,407,0,2,0,-0.4,0.8,-0.4,0.52877123795494,-0.25754247590989,0.52877123795494,-1.3219280948874,-0.32192809488736,-1.3219280948874);
INSERT INTO "answers" VALUES (2,266,0,1,0,-0.25,0.5,-0.25,0.5,-0.5,0.5,-2.0,-1.0,-2.0);
INSERT INTO "answers" VALUES (2,42,1,0,0,0.5,-0.25,-0.25,-0.5,0.5,0.5,-1.0,-2.0,-2.0);
INSERT INTO "answers" VALUES (2,489,0,1,0,-0.25,0.5,-0.25,0.5,-0.5,0.5,-2.0,-1.0,-2.0);
INSERT INTO "answers" VALUES (2,341,0,1,0,-0.25,0.5,-0.25,0.5,-0.5,0.5,-2.0,-1.0,-2.0);
INSERT INTO "answers" VALUES (2,494,0,2,0,-0.4,0.8,-0.4,0.52877123795494,-0.25754247590989,0.52877123795494,-1.3219280948874,-0.32192809488736,-1.3219280948874);
INSERT INTO "answers" VALUES (2,72,1,0,0,0.5,-0.25,-0.25,-0.5,0.5,0.5,-1.0,-2.0,-2.0);
INSERT INTO "answers" VALUES (2,239,0,1,0,-0.25,0.5,-0.25,0.5,-0.5,0.5,-2.0,-1.0,-2.0);
INSERT INTO "answers" VALUES (2,226,1,0,0,0.5,-0.25,-0.25,-0.5,0.5,0.5,-1.0,-2.0,-2.0);
INSERT INTO "answers" VALUES (2,493,0,1,0,-0.25,0.5,-0.25,0.5,-0.5,0.5,-2.0,-1.0,-2.0);
INSERT INTO "answers" VALUES (2,188,1,0,0,0.5,-0.25,-0.25,-0.5,0.5,0.5,-1.0,-2.0,-2.0);
INSERT INTO "answers" VALUES (2,530,1,0,1,0.2,-0.4,0.2,-0.46438561897747,0.52877123795494,-0.46438561897747,-2.3219280948874,-1.3219280948874,-2.3219280948874);
INSERT INTO "answers" VALUES (2,321,0,1,0,-0.25,0.5,-0.25,0.5,-0.5,0.5,-2.0,-1.0,-2.0);
INSERT INTO "answers" VALUES (2,501,0,1,0,-0.25,0.5,-0.25,0.5,-0.5,0.5,-2.0,-1.0,-2.0);
INSERT INTO "answers" VALUES (2,267,0,3,0,-0.5,1.0,-0.5,0.5,0.0,0.5,-1.0,0.0,-1.0);
INSERT INTO "answers" VALUES (2,329,0,1,0,-0.25,0.5,-0.25,0.5,-0.5,0.5,-2.0,-1.0,-2.0);
INSERT INTO "answers" VALUES (2,303,2,0,0,0.8,-0.4,-0.4,-0.25754247590989,0.52877123795494,0.52877123795494,-0.32192809488736,-1.3219280948874,-1.3219280948874);
INSERT INTO "answers" VALUES (2,7,0,0,0,0.0,0.0,0.0,0.0,0.0,0.0,0.0,0.0,0.0);
INSERT INTO "answers" VALUES (2,409,0,1,0,-0.25,0.5,-0.25,0.5,-0.5,0.5,-2.0,-1.0,-2.0);
INSERT INTO "answers" VALUES (2,330,0,1,0,-0.25,0.5,-0.25,0.5,-0.5,0.5,-2.0,-1.0,-2.0);
INSERT INTO "answers" VALUES (2,142,0,1,0,-0.25,0.5,-0.25,0.5,-0.5,0.5,-2.0,-1.0,-2.0);
INSERT INTO "answers" VALUES (2,20,0,1,0,-0.25,0.5,-0.25,0.5,-0.5,0.5,-2.0,-1.0,-2.0);
INSERT INTO "answers" VALUES (2,190,0,1,0,-0.25,0.5,-0.25,0.5,-0.5,0.5,-2.0,-1.0,-2.0);
INSERT INTO "answers" VALUES (2,143,0,1,0,-0.25,0.5,-0.25,0.5,-0.5,0.5,-2.0,-1.0,-2.0);
INSERT INTO "answers" VALUES (2,183,0,3,0,-0.5,1.0,-0.5,0.5,0.0,0.5,-1.0,0.0,-1.0);
INSERT INTO "answers" VALUES (2,283,1,0,0,0.5,-0.25,-0.25,-0.5,0.5,0.5,-1.0,-2.0,-2.0);
INSERT INTO "answers" VALUES (2,313,0,1,0,-0.25,0.5,-0.25,0.5,-0.5,0.5,-2.0,-1.0,-2.0);
INSERT INTO "answers" VALUES (2,476,0,1,0,-0.25,0.5,-0.25,0.5,-0.5,0.5,-2.0,-1.0,-2.0);
INSERT INTO "answers" VALUES (2,381,0,1,0,-0.25,0.5,-0.25,0.5,-0.5,0.5,-2.0,-1.0,-2.0);
INSERT INTO "answers" VALUES (2,359,0,1,0,-0.25,0.5,-0.25,0.5,-0.5,0.5,-2.0,-1.0,-2.0);
INSERT INTO "answers" VALUES (2,40,0,1,0,-0.25,0.5,-0.25,0.5,-0.5,0.5,-2.0,-1.0,-2.0);
INSERT INTO "answers" VALUES (2,70,0,2,0,-0.4,0.8,-0.4,0.52877123795494,-0.25754247590989,0.52877123795494,-1.3219280948874,-0.32192809488736,-1.3219280948874);
INSERT INTO "answers" VALUES (2,496,0,1,0,-0.25,0.5,-0.25,0.5,-0.5,0.5,-2.0,-1.0,-2.0);
INSERT INTO "answers" VALUES (2,245,0,1,0,-0.25,0.5,-0.25,0.5,-0.5,0.5,-2.0,-1.0,-2.0);
INSERT INTO "answers" VALUES (2,367,0,1,0,-0.25,0.5,-0.25,0.5,-0.5,0.5,-2.0,-1.0,-2.0);
INSERT INTO "answers" VALUES (2,140,0,2,0,-0.4,0.8,-0.4,0.52877123795494,-0.25754247590989,0.52877123795494,-1.3219280948874,-0.32192809488736,-1.3219280948874);
INSERT INTO "answers" VALUES (2,342,0,1,0,-0.25,0.5,-0.25,0.5,-0.5,0.5,-2.0,-1.0,-2.0);
INSERT INTO "answers" VALUES (2,119,0,1,0,-0.25,0.5,-0.25,0.5,-0.5,0.5,-2.0,-1.0,-2.0);
INSERT INTO "answers" VALUES (2,63,1,0,0,0.5,-0.25,-0.25,-0.5,0.5,0.5,-1.0,-2.0,-2.0);
INSERT INTO "answers" VALUES (2,25,0,2,0,-0.4,0.8,-0.4,0.52877123795494,-0.25754247590989,0.52877123795494,-1.3219280948874,-0.32192809488736,-1.3219280948874);
INSERT INTO "answers" VALUES (2,306,0,1,0,-0.25,0.5,-0.25,0.5,-0.5,0.5,-2.0,-1.0,-2.0);
INSERT INTO "answers" VALUES (2,262,0,1,0,-0.25,0.5,-0.25,0.5,-0.5,0.5,-2.0,-1.0,-2.0);
INSERT INTO "answers" VALUES (2,500,0,1,0,-0.25,0.5,-0.25,0.5,-0.5,0.5,-2.0,-1.0,-2.0);
INSERT INTO "answers" VALUES (2,246,2,0,0,0.8,-0.4,-0.4,-0.25754247590989,0.52877123795494,0.52877123795494,-0.32192809488736,-1.3219280948874,-1.3219280948874);
INSERT INTO "answers" VALUES (2,41,0,1,0,-0.25,0.5,-0.25,0.5,-0.5,0.5,-2.0,-1.0,-2.0);
INSERT INTO "answers" VALUES (2,287,1,0,0,0.5,-0.25,-0.25,-0.5,0.5,0.5,-1.0,-2.0,-2.0);
INSERT INTO "answers" VALUES (2,488,1,0,0,0.5,-0.25,-0.25,-0.5,0.5,0.5,-1.0,-2.0,-2.0);
INSERT INTO "answers" VALUES (2,352,0,1,0,-0.25,0.5,-0.25,0.5,-0.5,0.5,-2.0,-1.0,-2.0);
INSERT INTO "answers" VALUES (2,327,2,0,0,0.8,-0.4,-0.4,-0.25754247590989,0.52877123795494,0.52877123795494,-0.32192809488736,-1.3219280948874,-1.3219280948874);
INSERT INTO "answers" VALUES (2,357,0,1,0,-0.25,0.5,-0.25,0.5,-0.5,0.5,-2.0,-1.0,-2.0);
INSERT INTO "answers" VALUES (2,286,0,2,0,-0.4,0.8,-0.4,0.52877123795494,-0.25754247590989,0.52877123795494,-1.3219280948874,-0.32192809488736,-1.3219280948874);
INSERT INTO "answers" VALUES (2,408,1,0,0,0.5,-0.25,-0.25,-0.5,0.5,0.5,-1.0,-2.0,-2.0);
INSERT INTO "answers" VALUES (2,18,1,0,0,0.5,-0.25,-0.25,-0.5,0.5,0.5,-1.0,-2.0,-2.0);
INSERT INTO "answers" VALUES (2,28,0,1,0,-0.25,0.5,-0.25,0.5,-0.5,0.5,-2.0,-1.0,-2.0);
INSERT INTO "answers" VALUES (2,322,1,0,0,0.5,-0.25,-0.25,-0.5,0.5,0.5,-1.0,-2.0,-2.0);
INSERT INTO "answers" VALUES (2,375,1,0,0,0.5,-0.25,-0.25,-0.5,0.5,0.5,-1.0,-2.0,-2.0);
INSERT INTO "answers" VALUES (2,410,1,0,0,0.5,-0.25,-0.25,-0.5,0.5,0.5,-1.0,-2.0,-2.0);
INSERT INTO "answers" VALUES (2,166,0,1,0,-0.25,0.5,-0.25,0.5,-0.5,0.5,-2.0,-1.0,-2.0);
INSERT INTO "answers" VALUES (2,277,0,1,0,-0.25,0.5,-0.25,0.5,-0.5,0.5,-2.0,-1.0,-2.0);
INSERT INTO "answers" VALUES (2,364,0,1,0,-0.25,0.5,-0.25,0.5,-0.5,0.5,-2.0,-1.0,-2.0);
INSERT INTO "answers" VALUES (2,351,0,1,0,-0.25,0.5,-0.25,0.5,-0.5,0.5,-2.0,-1.0,-2.0);
INSERT INTO "answers" VALUES (2,241,0,1,0,-0.25,0.5,-0.25,0.5,-0.5,0.5,-2.0,-1.0,-2.0);
INSERT INTO "answers" VALUES (2,149,0,1,0,-0.25,0.5,-0.25,0.5,-0.5,0.5,-2.0,-1.0,-2.0);
INSERT INTO "answers" VALUES (2,325,1,0,0,0.5,-0.25,-0.25,-0.5,0.5,0.5,-1.0,-2.0,-2.0);
INSERT INTO "answers" VALUES (2,228,1,0,0,0.5,-0.25,-0.25,-0.5,0.5,0.5,-1.0,-2.0,-2.0);
INSERT INTO "answers" VALUES (2,340,0,1,0,-0.25,0.5,-0.25,0.5,-0.5,0.5,-2.0,-1.0,-2.0);
INSERT INTO "answers" VALUES (2,49,1,0,0,0.5,-0.25,-0.25,-0.5,0.5,0.5,-1.0,-2.0,-2.0);
INSERT INTO "answers" VALUES (2,310,0,1,0,-0.25,0.5,-0.25,0.5,-0.5,0.5,-2.0,-1.0,-2.0);
INSERT INTO "answers" VALUES (2,350,0,1,0,-0.25,0.5,-0.25,0.5,-0.5,0.5,-2.0,-1.0,-2.0);
INSERT INTO "answers" VALUES (2,27,0,1,0,-0.25,0.5,-0.25,0.5,-0.5,0.5,-2.0,-1.0,-2.0);
INSERT INTO "answers" VALUES (2,290,0,1,0,-0.25,0.5,-0.25,0.5,-0.5,0.5,-2.0,-1.0,-2.0);
INSERT INTO "answers" VALUES (2,52,1,0,0,0.5,-0.25,-0.25,-0.5,0.5,0.5,-1.0,-2.0,-2.0);
INSERT INTO "answers" VALUES (2,353,0,1,0,-0.25,0.5,-0.25,0.5,-0.5,0.5,-2.0,-1.0,-2.0);
INSERT INTO "answers" VALUES (2,297,0,1,0,-0.25,0.5,-0.25,0.5,-0.5,0.5,-2.0,-1.0,-2.0);
INSERT INTO "answers" VALUES (2,299,0,1,0,-0.25,0.5,-0.25,0.5,-0.5,0.5,-2.0,-1.0,-2.0);
INSERT INTO "answers" VALUES (2,295,0,1,0,-0.25,0.5,-0.25,0.5,-0.5,0.5,-2.0,-1.0,-2.0);
INSERT INTO "answers" VALUES (2,139,1,0,0,0.5,-0.25,-0.25,-0.5,0.5,0.5,-1.0,-2.0,-2.0);
INSERT INTO "answers" VALUES (2,298,0,1,0,-0.25,0.5,-0.25,0.5,-0.5,0.5,-2.0,-1.0,-2.0);
INSERT INTO "answers" VALUES (2,451,1,0,0,0.5,-0.25,-0.25,-0.5,0.5,0.5,-1.0,-2.0,-2.0);
INSERT INTO "answers" VALUES (2,355,0,1,0,-0.25,0.5,-0.25,0.5,-0.5,0.5,-2.0,-1.0,-2.0);
INSERT INTO "answers" VALUES (2,177,0,0,1,-0.25,-0.25,0.5,0.5,0.5,-0.5,-2.0,-2.0,-1.0);
INSERT INTO "objects" VALUES (1,'ezüstös ősrovar',NULL,3,1,1.5849625007212);
INSERT INTO "objects" VALUES (2,'sün','Erinaceus roumanicus',10,1,3.3219280948874);
INSERT INTO "objects" VALUES (3,'mókus','Sciurus vulgaris',4,1,2.0);
INSERT INTO "objects" VALUES (4,'kék bálna','Balaenoptera musculus',2,1,1.0);
INSERT INTO "objects" VALUES (5,'kutya',NULL,3,1,1.5849625007212);
INSERT INTO "objects" VALUES (6,'Przewalsky ló',NULL,3,1,1.5849625007212);
INSERT INTO "objects" VALUES (7,'ló',NULL,2,1,1.0);
INSERT INTO "objects" VALUES (8,'mezei veréb',NULL,6,1,2.5849625007212);
INSERT INTO "objects" VALUES (9,'verőköltő bodobács',NULL,2,1,1.0);
INSERT INTO "objects" VALUES (10,'vörös zebrasügér',NULL,2,0,1.0);
INSERT INTO "objects" VALUES (11,'bordás krokodil',NULL,2,0,1.0);
CREATE UNIQUE INDEX IF NOT EXISTS "questions_name" ON "questions" (
	"name",
	"subname"
);
CREATE UNIQUE INDEX IF NOT EXISTS "objects_name" ON "objects" (
	"name",
	"subname"
);

